ticketno,root_cause_type
15238899.0,LinkCut
15712444.0,LinkCut
15723187.0,LinkCut
15737103.0,LinkCut
15737132.0,LinkCut
16188560.0,LinkCut
16199806.0,LinkCut
16201784.0,LinkCut
16203726.0,LinkCut
16237988.0,LinkCut
16283105.0,LinkCut
17293376.0,LinkCut
17304574.0,LinkCut
17927096.0,LinkCut
17934423.0,LinkCut
17963100.0,LinkCut
17963116.0,LinkCut
17963208.0,LinkCut
17963261.0,LinkCut
17963967.0,LinkCut
17979662.0,LinkCut
18008610.0,LinkCut
18008655.0,LinkCut
18008750.0,LinkCut
18008754.0,LinkCut
18009401.0,LinkCut
18010741.0,LinkCut
18010756.0,LinkCut
18010969.0,LinkCut
18011032.0,LinkCut
18011120.0,LinkCut
18011261.0,LinkCut
18011316.0,LinkCut
18011381.0,LinkCut
18011420.0,LinkCut
18011432.0,LinkCut
18011454.0,LinkCut
18011459.0,LinkCut
18011475.0,LinkCut
18011476.0,LinkCut
18011492.0,LinkCut
18011601.0,LinkCut
18011606.0,LinkCut
18011608.0,LinkCut
18011657.0,LinkCut
18011688.0,LinkCut
18011699.0,LinkCut
18011711.0,LinkCut
18011770.0,LinkCut
18011802.0,LinkCut
18011821.0,LinkCut
18012170.0,LinkCut
18012257.0,LinkCut
18012288.0,LinkCut
18012300.0,LinkCut
18012337.0,LinkCut
18012593.0,LinkCut
18012601.0,LinkCut
18012611.0,LinkCut
18012660.0,LinkCut
18012684.0,LinkCut
18012691.0,LinkCut
18012704.0,LinkCut
18012719.0,LinkCut
18012730.0,LinkCut
18012742.0,LinkCut
18014450.0,LinkCut
18014463.0,LinkCut
18014473.0,LinkCut
18014489.0,LinkCut
18014498.0,LinkCut
18014528.0,LinkCut
18014556.0,LinkCut
18014565.0,LinkCut
18014572.0,LinkCut
18014575.0,LinkCut
18014579.0,LinkCut
18014589.0,LinkCut
18014592.0,LinkCut
18014598.0,LinkCut
18014603.0,LinkCut
18014607.0,LinkCut
18014621.0,LinkCut
18014646.0,LinkCut
18014674.0,LinkCut
18014708.0,LinkCut
18020272.0,LinkCut
18020317.0,LinkCut
18020339.0,LinkCut
18020362.0,LinkCut
18021120.0,LinkCut
18021143.0,LinkCut
18021276.0,LinkCut
18021288.0,LinkCut
18021303.0,LinkCut
18021354.0,LinkCut
18021367.0,LinkCut
18021386.0,LinkCut
18021393.0,LinkCut
18021400.0,LinkCut
18021407.0,LinkCut
18021435.0,LinkCut
18021448.0,LinkCut
18021484.0,LinkCut
18021498.0,LinkCut
18021508.0,LinkCut
18021535.0,LinkCut
18021546.0,LinkCut
18021552.0,LinkCut
18021570.0,LinkCut
18022041.0,LinkCut
18022118.0,LinkCut
18022503.0,LinkCut
18022791.0,LinkCut
18030476.0,LinkCut
18541756.0,LinkCut
18542917.0,LinkCut
18583872.0,LinkCut
18602743.0,LinkCut
18611457.0,LinkCut
19056460.0,LinkCut
19073013.0,LinkCut
19073028.0,LinkCut
19073051.0,LinkCut
19073104.0,LinkCut
19073121.0,LinkCut
19073392.0,LinkCut
19073706.0,LinkCut
19073941.0,LinkCut
19074682.0,LinkCut
19074748.0,LinkCut
19074768.0,LinkCut
19074793.0,LinkCut
19074848.0,LinkCut
19074859.0,LinkCut
19074881.0,LinkCut
19074937.0,LinkCut
19074944.0,LinkCut
19074971.0,LinkCut
19074998.0,LinkCut
19075026.0,LinkCut
19075047.0,LinkCut
19075062.0,LinkCut
19075091.0,LinkCut
19075092.0,LinkCut
19075127.0,LinkCut
19075144.0,LinkCut
19075174.0,LinkCut
19075208.0,LinkCut
19075239.0,LinkCut
19075244.0,LinkCut
19075277.0,LinkCut
19075305.0,LinkCut
19075326.0,LinkCut
19075402.0,LinkCut
19075410.0,LinkCut
19075507.0,LinkCut
19075518.0,LinkCut
19075545.0,LinkCut
19075548.0,LinkCut
19075583.0,LinkCut
19075623.0,LinkCut
19075631.0,LinkCut
19075703.0,LinkCut
19075714.0,LinkCut
19075761.0,LinkCut
19075810.0,LinkCut
19075837.0,LinkCut
19075890.0,LinkCut
19075911.0,LinkCut
19075946.0,LinkCut
19075987.0,LinkCut
19076025.0,LinkCut
19076045.0,LinkCut
19076077.0,LinkCut
19076144.0,LinkCut
19076164.0,LinkCut
19076210.0,LinkCut
19076243.0,LinkCut
19076278.0,LinkCut
19076287.0,LinkCut
19076309.0,LinkCut
19076343.0,LinkCut
19076384.0,LinkCut
19076407.0,LinkCut
19076444.0,LinkCut
19076458.0,LinkCut
19076494.0,LinkCut
19076511.0,LinkCut
19076517.0,LinkCut
19076566.0,LinkCut
19694703.0,LinkCut
19694728.0,LinkCut
19699492.0,LinkCut
19777911.0,LinkCut
20366544.0,LinkCut
20393664.0,LinkCut
20393723.0,LinkCut
20393734.0,LinkCut
20393744.0,LinkCut
20393764.0,LinkCut
20439642.0,LinkCut
21001680.0,LinkCut
21068980.0,LinkCut
21775315.0,LinkCut
21775317.0,LinkCut
21775322.0,LinkCut
21775368.0,LinkCut
21775396.0,LinkCut
21775405.0,LinkCut
21775479.0,LinkCut
21775522.0,LinkCut
21775569.0,LinkCut
21775611.0,LinkCut
21775670.0,LinkCut
21775782.0,LinkCut
21775887.0,LinkCut
21775922.0,LinkCut
21775988.0,LinkCut
21776030.0,LinkCut
21776046.0,LinkCut
21776189.0,LinkCut
21776435.0,LinkCut
21776514.0,LinkCut
21776924.0,LinkCut
21777295.0,LinkCut
21778470.0,LinkCut
21778879.0,LinkCut
21779457.0,LinkCut
21779470.0,LinkCut
21780835.0,LinkCut
21780947.0,LinkCut
21781446.0,LinkCut
21782881.0,LinkCut
21783519.0,LinkCut
21784778.0,LinkCut
21792259.0,LinkCut
21795224.0,LinkCut
21801113.0,LinkCut
21806509.0,LinkCut
21808816.0,LinkCut
21811219.0,LinkCut
21811518.0,LinkCut
21811537.0,LinkCut
21811544.0,LinkCut
21812391.0,LinkCut
21812412.0,LinkCut
21812417.0,LinkCut
21812520.0,LinkCut
21812521.0,LinkCut
21812544.0,LinkCut
21812594.0,LinkCut
21812650.0,LinkCut
21812675.0,LinkCut
21812689.0,LinkCut
21812711.0,LinkCut
21812770.0,LinkCut
21812793.0,LinkCut
21812807.0,LinkCut
21812922.0,LinkCut
21812925.0,LinkCut
21812926.0,LinkCut
21813212.0,LinkCut
21813358.0,LinkCut
21813575.0,LinkCut
21813724.0,LinkCut
21814075.0,LinkCut
21814160.0,LinkCut
21814168.0,LinkCut
21814215.0,LinkCut
21814428.0,LinkCut
21814754.0,LinkCut
21814839.0,LinkCut
21815129.0,LinkCut
21815226.0,LinkCut
21815351.0,LinkCut
21815527.0,LinkCut
21815681.0,LinkCut
21815682.0,LinkCut
21815768.0,LinkCut
21815850.0,LinkCut
21815956.0,LinkCut
21816254.0,LinkCut
21816447.0,LinkCut
21816475.0,LinkCut
21816533.0,LinkCut
21816641.0,LinkCut
21816718.0,LinkCut
21816782.0,LinkCut
21816946.0,LinkCut
21816954.0,LinkCut
21817055.0,LinkCut
21817177.0,LinkCut
21817178.0,LinkCut
21817243.0,LinkCut
21817488.0,LinkCut
21817871.0,LinkCut
21818147.0,LinkCut
21818233.0,LinkCut
21818341.0,LinkCut
21818412.0,LinkCut
21818525.0,LinkCut
21818607.0,LinkCut
21818803.0,LinkCut
21818951.0,LinkCut
21819017.0,LinkCut
21819285.0,LinkCut
21819383.0,LinkCut
21819680.0,LinkCut
21819758.0,LinkCut
21820106.0,LinkCut
21820260.0,LinkCut
21820515.0,LinkCut
21820631.0,LinkCut
21820755.0,LinkCut
21820872.0,LinkCut
21820914.0,LinkCut
21821173.0,LinkCut
21821408.0,LinkCut
21821612.0,LinkCut
21821956.0,LinkCut
21822076.0,LinkCut
21822154.0,LinkCut
21822323.0,LinkCut
21822371.0,LinkCut
21822578.0,LinkCut
21822697.0,LinkCut
21822811.0,LinkCut
21822855.0,LinkCut
21823151.0,LinkCut
21823321.0,LinkCut
21823501.0,LinkCut
21823661.0,LinkCut
21824048.0,LinkCut
21824374.0,LinkCut
21824379.0,LinkCut
21824505.0,LinkCut
21824712.0,LinkCut
21824854.0,LinkCut
21825094.0,LinkCut
21825219.0,LinkCut
21825340.0,LinkCut
21825425.0,LinkCut
21825521.0,LinkCut
21825699.0,LinkCut
21825748.0,LinkCut
21826059.0,LinkCut
21826097.0,LinkCut
21826149.0,LinkCut
21826191.0,LinkCut
21826305.0,LinkCut
21826477.0,LinkCut
21826528.0,LinkCut
21826567.0,LinkCut
21826583.0,LinkCut
21826793.0,LinkCut
21827099.0,LinkCut
21827166.0,LinkCut
21827171.0,LinkCut
21827297.0,LinkCut
21827384.0,LinkCut
21827414.0,LinkCut
21827757.0,LinkCut
21827851.0,LinkCut
21827882.0,LinkCut
21827985.0,LinkCut
21828141.0,LinkCut
21828165.0,LinkCut
21828166.0,LinkCut
21828167.0,LinkCut
21828208.0,LinkCut
21828212.0,LinkCut
21828308.0,LinkCut
21828407.0,LinkCut
21828567.0,LinkCut
21828572.0,LinkCut
21828620.0,LinkCut
21828753.0,LinkCut
21828784.0,LinkCut
21828981.0,LinkCut
21829004.0,LinkCut
21829089.0,LinkCut
21829170.0,LinkCut
21829232.0,LinkCut
21829351.0,LinkCut
21829431.0,LinkCut
21829437.0,LinkCut
21829581.0,LinkCut
21829654.0,LinkCut
21829808.0,LinkCut
21829848.0,LinkCut
21829861.0,LinkCut
21829932.0,LinkCut
21829995.0,LinkCut
21830167.0,LinkCut
21830270.0,LinkCut
21830271.0,LinkCut
21830291.0,LinkCut
21830322.0,LinkCut
21830323.0,LinkCut
21830337.0,LinkCut
21830404.0,LinkCut
21830427.0,LinkCut
21830432.0,LinkCut
21830502.0,LinkCut
21830520.0,LinkCut
21830603.0,LinkCut
21830613.0,LinkCut
21830624.0,LinkCut
21830625.0,LinkCut
21830647.0,LinkCut
21830674.0,LinkCut
21830778.0,LinkCut
21830906.0,LinkCut
21831172.0,LinkCut
21831249.0,LinkCut
21831316.0,LinkCut
21831499.0,LinkCut
21831663.0,LinkCut
21831866.0,LinkCut
21832004.0,LinkCut
21832022.0,LinkCut
21832083.0,LinkCut
21832157.0,LinkCut
21832199.0,LinkCut
21832376.0,LinkCut
21832520.0,LinkCut
21832734.0,LinkCut
21833076.0,LinkCut
21833099.0,LinkCut
21833236.0,LinkCut
21833353.0,LinkCut
21833359.0,LinkCut
21833415.0,LinkCut
21833537.0,LinkCut
21833564.0,LinkCut
21833781.0,LinkCut
21833842.0,LinkCut
21833844.0,LinkCut
21833870.0,LinkCut
21833959.0,LinkCut
21834219.0,LinkCut
21834274.0,LinkCut
21834322.0,LinkCut
21834330.0,LinkCut
21834370.0,LinkCut
21834445.0,LinkCut
21834588.0,LinkCut
21834793.0,LinkCut
21834981.0,LinkCut
21835028.0,LinkCut
21835143.0,LinkCut
21835200.0,LinkCut
21835351.0,LinkCut
21835601.0,LinkCut
21835801.0,LinkCut
21835989.0,LinkCut
21835990.0,LinkCut
21836018.0,LinkCut
21836057.0,LinkCut
21836275.0,LinkCut
21836289.0,LinkCut
21836342.0,LinkCut
21836378.0,LinkCut
21836389.0,LinkCut
21836406.0,LinkCut
21836436.0,LinkCut
21836455.0,LinkCut
21836463.0,LinkCut
21836489.0,LinkCut
21836548.0,LinkCut
21836573.0,LinkCut
21836575.0,LinkCut
21836663.0,LinkCut
21836681.0,LinkCut
21836738.0,LinkCut
21836769.0,LinkCut
21836771.0,LinkCut
21836803.0,LinkCut
21836823.0,LinkCut
21836826.0,LinkCut
21836915.0,LinkCut
21836936.0,LinkCut
21836940.0,LinkCut
21836953.0,LinkCut
21836975.0,LinkCut
21836985.0,LinkCut
21837034.0,LinkCut
21837173.0,LinkCut
21837321.0,LinkCut
21837409.0,LinkCut
21837433.0,LinkCut
21837498.0,LinkCut
21837524.0,LinkCut
21837632.0,LinkCut
21837743.0,LinkCut
21838166.0,LinkCut
21838372.0,LinkCut
21838554.0,LinkCut
21838842.0,LinkCut
21838982.0,LinkCut
21839071.0,LinkCut
21839165.0,LinkCut
21839198.0,LinkCut
21839258.0,LinkCut
21839348.0,LinkCut
21839481.0,LinkCut
21839852.0,LinkCut
21839885.0,LinkCut
21839961.0,LinkCut
21840087.0,LinkCut
21840125.0,LinkCut
21840184.0,LinkCut
21840186.0,LinkCut
21840598.0,LinkCut
21840695.0,LinkCut
21840723.0,LinkCut
21840742.0,LinkCut
21840798.0,LinkCut
21841004.0,LinkCut
21841347.0,LinkCut
21841407.0,LinkCut
21841588.0,LinkCut
21841684.0,LinkCut
21841820.0,LinkCut
21841854.0,LinkCut
21842180.0,LinkCut
21842365.0,LinkCut
21842443.0,LinkCut
21842668.0,LinkCut
21842799.0,LinkCut
21842915.0,LinkCut
21843057.0,LinkCut
21843179.0,LinkCut
21843277.0,LinkCut
21843399.0,LinkCut
21843476.0,LinkCut
21843733.0,LinkCut
21843855.0,LinkCut
21843947.0,LinkCut
21844102.0,LinkCut
21844219.0,LinkCut
21844270.0,LinkCut
21844547.0,LinkCut
21844735.0,LinkCut
21844789.0,LinkCut
21844966.0,LinkCut
21845213.0,LinkCut
21845621.0,LinkCut
21845754.0,LinkCut
21845818.0,LinkCut
21845910.0,LinkCut
21846025.0,LinkCut
21846132.0,LinkCut
21846235.0,LinkCut
21846315.0,LinkCut
21846560.0,LinkCut
21846848.0,LinkCut
21846875.0,LinkCut
21846906.0,LinkCut
21846972.0,LinkCut
21847196.0,LinkCut
21847214.0,LinkCut
21847300.0,LinkCut
21847345.0,LinkCut
21847514.0,LinkCut
21847599.0,LinkCut
21847804.0,LinkCut
21848010.0,LinkCut
21848057.0,LinkCut
21848189.0,LinkCut
21848418.0,LinkCut
21848614.0,LinkCut
21848753.0,LinkCut
21848805.0,LinkCut
21849075.0,LinkCut
21849130.0,LinkCut
21849278.0,LinkCut
21849283.0,LinkCut
21849351.0,LinkCut
21849554.0,LinkCut
21849656.0,LinkCut
21849735.0,LinkCut
21849749.0,LinkCut
21849752.0,LinkCut
21849769.0,LinkCut
21849770.0,LinkCut
21849782.0,LinkCut
21849797.0,LinkCut
21849807.0,LinkCut
21849836.0,LinkCut
21849839.0,LinkCut
21849858.0,LinkCut
21849885.0,LinkCut
21849887.0,LinkCut
21849915.0,LinkCut
21849925.0,LinkCut
21849971.0,LinkCut
21850007.0,LinkCut
21850040.0,LinkCut
21850043.0,LinkCut
21850062.0,LinkCut
21850102.0,LinkCut
21850104.0,LinkCut
21850127.0,LinkCut
21850132.0,LinkCut
21850137.0,LinkCut
21850146.0,LinkCut
21850178.0,LinkCut
21850183.0,LinkCut
21850206.0,LinkCut
21850282.0,LinkCut
21850311.0,LinkCut
21850338.0,LinkCut
21850346.0,LinkCut
21850353.0,LinkCut
21850415.0,LinkCut
21850503.0,LinkCut
21850556.0,LinkCut
21850590.0,LinkCut
21850620.0,LinkCut
21850864.0,LinkCut
21850878.0,LinkCut
21850898.0,LinkCut
21850975.0,LinkCut
21850976.0,LinkCut
21850980.0,LinkCut
21850988.0,LinkCut
21850994.0,LinkCut
21851069.0,LinkCut
21851082.0,LinkCut
21851115.0,LinkCut
21851134.0,LinkCut
21851147.0,LinkCut
21851196.0,LinkCut
21851245.0,LinkCut
21851333.0,LinkCut
21851602.0,LinkCut
21851603.0,LinkCut
21851609.0,LinkCut
21851616.0,LinkCut
21851728.0,LinkCut
21851848.0,LinkCut
21851851.0,LinkCut
21851930.0,LinkCut
21852106.0,LinkCut
21852251.0,LinkCut
21852443.0,LinkCut
21852494.0,LinkCut
21852550.0,LinkCut
21852628.0,LinkCut
21852645.0,LinkCut
21852678.0,LinkCut
21852714.0,LinkCut
21852784.0,LinkCut
21852808.0,LinkCut
21852867.0,LinkCut
21853166.0,LinkCut
21853414.0,LinkCut
21853477.0,LinkCut
21853537.0,LinkCut
21853690.0,LinkCut
21853813.0,LinkCut
21853835.0,LinkCut
21853836.0,LinkCut
21854047.0,LinkCut
21854080.0,LinkCut
21854190.0,LinkCut
21854244.0,LinkCut
21854258.0,LinkCut
21854361.0,LinkCut
21854499.0,LinkCut
21854704.0,LinkCut
21854745.0,LinkCut
21854860.0,LinkCut
21854871.0,LinkCut
21855088.0,LinkCut
21855328.0,LinkCut
21855421.0,LinkCut
21855531.0,LinkCut
21855860.0,LinkCut
21855869.0,LinkCut
21855921.0,LinkCut
21855995.0,LinkCut
21856039.0,LinkCut
21856047.0,LinkCut
21856254.0,LinkCut
21856430.0,LinkCut
21856451.0,LinkCut
21856468.0,LinkCut
21856500.0,LinkCut
21856568.0,LinkCut
21856616.0,LinkCut
21856813.0,LinkCut
21857114.0,LinkCut
21857364.0,LinkCut
21857405.0,LinkCut
21857490.0,LinkCut
21857536.0,LinkCut
21857744.0,LinkCut
21857814.0,LinkCut
21858060.0,LinkCut
21858074.0,LinkCut
21858374.0,LinkCut
21858506.0,LinkCut
21858533.0,LinkCut
21858682.0,LinkCut
21858735.0,LinkCut
21858742.0,LinkCut
21858799.0,LinkCut
21858972.0,LinkCut
21858974.0,LinkCut
21859164.0,LinkCut
21859457.0,LinkCut
21859635.0,LinkCut
21859642.0,LinkCut
21859653.0,LinkCut
21859718.0,LinkCut
21859767.0,LinkCut
21859786.0,LinkCut
21859812.0,LinkCut
21860250.0,LinkCut
21860512.0,LinkCut
21860638.0,LinkCut
21860777.0,LinkCut
21860927.0,LinkCut
21860996.0,LinkCut
21861013.0,LinkCut
21861015.0,LinkCut
21861221.0,LinkCut
21861583.0,LinkCut
21862236.0,LinkCut
21862428.0,LinkCut
21862534.0,LinkCut
21862765.0,LinkCut
21862775.0,LinkCut
21862789.0,LinkCut
21862837.0,LinkCut
21863038.0,LinkCut
21863046.0,LinkCut
21863065.0,LinkCut
21863142.0,LinkCut
21863143.0,LinkCut
21863189.0,LinkCut
21863310.0,LinkCut
21863350.0,LinkCut
21863355.0,LinkCut
21863358.0,LinkCut
21863380.0,LinkCut
21863382.0,LinkCut
21863395.0,LinkCut
21863443.0,LinkCut
21863476.0,LinkCut
21863478.0,LinkCut
21863487.0,LinkCut
21863546.0,LinkCut
21863582.0,LinkCut
21863583.0,LinkCut
21863611.0,LinkCut
21863658.0,LinkCut
21863755.0,LinkCut
21863774.0,LinkCut
21863818.0,LinkCut
21863835.0,LinkCut
21863845.0,LinkCut
21863876.0,LinkCut
21863887.0,LinkCut
21863897.0,LinkCut
21863918.0,LinkCut
21863935.0,LinkCut
21863936.0,LinkCut
21864005.0,LinkCut
21864020.0,LinkCut
21864033.0,LinkCut
21864060.0,LinkCut
21864071.0,LinkCut
21864072.0,LinkCut
21864099.0,LinkCut
21864114.0,LinkCut
21864118.0,LinkCut
21864130.0,LinkCut
21864134.0,LinkCut
21864164.0,LinkCut
21864254.0,LinkCut
21864322.0,LinkCut
21864357.0,LinkCut
21864410.0,LinkCut
21864413.0,LinkCut
21864442.0,LinkCut
21864506.0,LinkCut
21864513.0,LinkCut
21864524.0,LinkCut
21864553.0,LinkCut
21864578.0,LinkCut
21864673.0,LinkCut
21864678.0,LinkCut
21864680.0,LinkCut
21864727.0,LinkCut
21864827.0,LinkCut
21864886.0,LinkCut
21864888.0,LinkCut
21864889.0,LinkCut
21864931.0,LinkCut
21864990.0,LinkCut
21865006.0,LinkCut
21865077.0,LinkCut
21865124.0,LinkCut
21865126.0,LinkCut
21865141.0,LinkCut
21865143.0,LinkCut
21865144.0,LinkCut
21865149.0,LinkCut
21865151.0,LinkCut
21865164.0,LinkCut
21865167.0,LinkCut
21865168.0,LinkCut
21865169.0,LinkCut
21865171.0,LinkCut
21865215.0,LinkCut
21865226.0,LinkCut
21865234.0,LinkCut
21865265.0,LinkCut
21865299.0,LinkCut
21865313.0,LinkCut
21865346.0,LinkCut
21865347.0,LinkCut
21865378.0,LinkCut
21865403.0,LinkCut
21865426.0,LinkCut
21865454.0,LinkCut
21865455.0,LinkCut
21865483.0,LinkCut
21865522.0,LinkCut
21865579.0,LinkCut
21865580.0,LinkCut
21865666.0,LinkCut
21865667.0,LinkCut
21865714.0,LinkCut
21865771.0,LinkCut
21865810.0,LinkCut
21865850.0,LinkCut
21865859.0,LinkCut
21865861.0,LinkCut
21865894.0,LinkCut
21865996.0,LinkCut
21866000.0,LinkCut
21866007.0,LinkCut
21866008.0,LinkCut
21866086.0,LinkCut
21866122.0,LinkCut
21866128.0,LinkCut
21866247.0,LinkCut
21866270.0,LinkCut
21866305.0,LinkCut
21866326.0,LinkCut
21866334.0,LinkCut
21866354.0,LinkCut
21866365.0,LinkCut
21866374.0,LinkCut
21866415.0,LinkCut
21866423.0,LinkCut
21866455.0,LinkCut
21866509.0,LinkCut
21866510.0,LinkCut
21866527.0,LinkCut
21866528.0,LinkCut
21866529.0,LinkCut
21866531.0,LinkCut
21866533.0,LinkCut
21866534.0,LinkCut
21866541.0,LinkCut
21866569.0,LinkCut
21866578.0,LinkCut
21866600.0,LinkCut
21866623.0,LinkCut
21866651.0,LinkCut
21866675.0,LinkCut
21866717.0,LinkCut
21866776.0,LinkCut
21866777.0,LinkCut
21866780.0,LinkCut
21866783.0,LinkCut
21866830.0,LinkCut
21866939.0,LinkCut
21867065.0,LinkCut
21867119.0,LinkCut
21867128.0,LinkCut
21867132.0,LinkCut
21867156.0,LinkCut
21867168.0,LinkCut
21867207.0,LinkCut
21867226.0,LinkCut
21867299.0,LinkCut
21867311.0,LinkCut
21867336.0,LinkCut
21867349.0,LinkCut
21867370.0,LinkCut
21867379.0,LinkCut
21867389.0,LinkCut
21867391.0,LinkCut
21867417.0,LinkCut
21867418.0,LinkCut
21867444.0,LinkCut
21867450.0,LinkCut
21867462.0,LinkCut
21867493.0,LinkCut
21867552.0,LinkCut
21867617.0,LinkCut
21867624.0,LinkCut
21867635.0,LinkCut
21867640.0,LinkCut
21867641.0,LinkCut
21867648.0,LinkCut
21867659.0,LinkCut
21867660.0,LinkCut
21867688.0,LinkCut
21867693.0,LinkCut
21867727.0,LinkCut
21867814.0,LinkCut
21867890.0,LinkCut
21867901.0,LinkCut
21868016.0,LinkCut
21868081.0,LinkCut
21868104.0,LinkCut
21868204.0,LinkCut
21868223.0,LinkCut
21868245.0,LinkCut
21868264.0,LinkCut
21868369.0,LinkCut
21868370.0,LinkCut
21868388.0,LinkCut
21868403.0,LinkCut
21868437.0,LinkCut
21868464.0,LinkCut
21868502.0,LinkCut
21868533.0,LinkCut
21868539.0,LinkCut
21868546.0,LinkCut
21868593.0,LinkCut
21868695.0,LinkCut
21868738.0,LinkCut
21868745.0,LinkCut
21868756.0,LinkCut
21868788.0,LinkCut
21868789.0,LinkCut
21868799.0,LinkCut
21868826.0,LinkCut
21868827.0,LinkCut
21868836.0,LinkCut
21868862.0,LinkCut
21868900.0,LinkCut
21868904.0,LinkCut
21868918.0,LinkCut
21868971.0,LinkCut
21868983.0,LinkCut
21869006.0,LinkCut
21869041.0,LinkCut
21869061.0,LinkCut
21869111.0,LinkCut
21869121.0,LinkCut
21869317.0,LinkCut
21869352.0,LinkCut
21869353.0,LinkCut
21869354.0,LinkCut
21869381.0,LinkCut
21869390.0,LinkCut
21869392.0,LinkCut
21869415.0,LinkCut
21869527.0,LinkCut
21869582.0,LinkCut
21869609.0,LinkCut
21869621.0,LinkCut
21869644.0,LinkCut
21869664.0,LinkCut
21869680.0,LinkCut
21869713.0,LinkCut
21869781.0,LinkCut
21869786.0,LinkCut
21869818.0,LinkCut
21869847.0,LinkCut
21869879.0,LinkCut
21869887.0,LinkCut
21870182.0,LinkCut
21870308.0,LinkCut
21870330.0,LinkCut
21870362.0,LinkCut
21870402.0,LinkCut
21870492.0,LinkCut
21870513.0,LinkCut
21870517.0,LinkCut
21870569.0,LinkCut
21870580.0,LinkCut
21870581.0,LinkCut
21870611.0,LinkCut
21870628.0,LinkCut
21870830.0,LinkCut
21870851.0,LinkCut
21870936.0,LinkCut
21870975.0,LinkCut
21870977.0,LinkCut
21871007.0,LinkCut
21871040.0,LinkCut
21871059.0,LinkCut
21871118.0,LinkCut
21871123.0,LinkCut
21871163.0,LinkCut
21871168.0,LinkCut
21871194.0,LinkCut
21871215.0,LinkCut
21871222.0,LinkCut
21871261.0,LinkCut
21871366.0,LinkCut
21871369.0,LinkCut
21871513.0,LinkCut
21871517.0,LinkCut
21871583.0,LinkCut
21871602.0,LinkCut
21871603.0,LinkCut
21871604.0,LinkCut
21871605.0,LinkCut
21871623.0,LinkCut
21871638.0,LinkCut
21871753.0,LinkCut
21871864.0,LinkCut
21871865.0,LinkCut
21871899.0,LinkCut
21871901.0,LinkCut
21871944.0,LinkCut
21872179.0,LinkCut
21872214.0,LinkCut
21872282.0,LinkCut
21872289.0,LinkCut
21872290.0,LinkCut
21872321.0,LinkCut
21872390.0,LinkCut
21872395.0,LinkCut
21872396.0,LinkCut
21872475.0,LinkCut
21872490.0,LinkCut
21872528.0,LinkCut
21872565.0,LinkCut
21872579.0,LinkCut
21872738.0,LinkCut
21872740.0,LinkCut
21872741.0,LinkCut
21872816.0,LinkCut
21872844.0,LinkCut
21872862.0,LinkCut
21872936.0,LinkCut
21872941.0,LinkCut
21873000.0,LinkCut
21873023.0,LinkCut
21873040.0,LinkCut
21873055.0,LinkCut
21873056.0,LinkCut
21873058.0,LinkCut
21873060.0,LinkCut
21873061.0,LinkCut
21873178.0,LinkCut
21873305.0,LinkCut
21873356.0,LinkCut
21873367.0,LinkCut
21873430.0,LinkCut
21873596.0,LinkCut
21873835.0,LinkCut
21873848.0,LinkCut
21873860.0,LinkCut
21873883.0,LinkCut
21873891.0,LinkCut
21873913.0,LinkCut
21873946.0,LinkCut
21873961.0,LinkCut
21873962.0,LinkCut
21873967.0,LinkCut
21873971.0,LinkCut
21873972.0,LinkCut
21873973.0,LinkCut
21873974.0,LinkCut
21873975.0,LinkCut
21873979.0,LinkCut
21874012.0,LinkCut
21874075.0,LinkCut
21874088.0,LinkCut
21874203.0,LinkCut
21874235.0,LinkCut
21874244.0,LinkCut
21874247.0,LinkCut
21874254.0,LinkCut
21874317.0,LinkCut
21874370.0,LinkCut
21874399.0,LinkCut
21874402.0,LinkCut
21874456.0,LinkCut
21874610.0,LinkCut
21874615.0,LinkCut
21874639.0,LinkCut
21874696.0,LinkCut
21874707.0,LinkCut
21874752.0,LinkCut
21874788.0,LinkCut
21874841.0,LinkCut
21874849.0,LinkCut
21874862.0,LinkCut
21874901.0,LinkCut
21875015.0,LinkCut
21875024.0,LinkCut
21875039.0,LinkCut
21875118.0,LinkCut
21875318.0,LinkCut
21875367.0,LinkCut
21875378.0,LinkCut
21875489.0,LinkCut
21875499.0,LinkCut
21875553.0,LinkCut
21875653.0,LinkCut
21875702.0,LinkCut
21875725.0,LinkCut
21875752.0,LinkCut
21875757.0,LinkCut
21875758.0,LinkCut
21875858.0,LinkCut
21875919.0,LinkCut
21875955.0,LinkCut
21875958.0,LinkCut
21875974.0,LinkCut
21875976.0,LinkCut
21876021.0,LinkCut
21876045.0,LinkCut
21876047.0,LinkCut
21876049.0,LinkCut
21876053.0,LinkCut
21876100.0,LinkCut
21876127.0,LinkCut
21876190.0,LinkCut
21876199.0,LinkCut
21876250.0,LinkCut
21876300.0,LinkCut
21876301.0,LinkCut
21876313.0,LinkCut
21876320.0,LinkCut
21876404.0,LinkCut
21876586.0,LinkCut
21876591.0,LinkCut
21876602.0,LinkCut
21876836.0,LinkCut
21876874.0,LinkCut
21876950.0,LinkCut
21877019.0,LinkCut
21877022.0,LinkCut
21877091.0,LinkCut
21877093.0,LinkCut
21877112.0,LinkCut
21877185.0,LinkCut
21877296.0,LinkCut
21877303.0,LinkCut
21877425.0,LinkCut
21877465.0,LinkCut
21877561.0,LinkCut
21877621.0,LinkCut
21877780.0,LinkCut
21877808.0,LinkCut
21877828.0,LinkCut
21877830.0,LinkCut
21877845.0,LinkCut
21877931.0,LinkCut
21877973.0,LinkCut
21878116.0,LinkCut
21878118.0,LinkCut
21878119.0,LinkCut
21878153.0,LinkCut
21878175.0,LinkCut
21878178.0,LinkCut
21878227.0,LinkCut
21878230.0,LinkCut
21878234.0,LinkCut
21878249.0,LinkCut
21878258.0,LinkCut
21878424.0,LinkCut
21878483.0,LinkCut
21878521.0,LinkCut
21878526.0,LinkCut
21878769.0,LinkCut
21878970.0,LinkCut
21878980.0,LinkCut
21878981.0,LinkCut
21878984.0,LinkCut
21879073.0,LinkCut
21879090.0,LinkCut
21879110.0,LinkCut
21879130.0,LinkCut
21879147.0,LinkCut
21879160.0,LinkCut
21879167.0,LinkCut
21879171.0,LinkCut
21879199.0,LinkCut
21879201.0,LinkCut
21879204.0,LinkCut
21879211.0,LinkCut
21879212.0,LinkCut
21879216.0,LinkCut
21879218.0,LinkCut
21879219.0,LinkCut
21879220.0,LinkCut
21879222.0,LinkCut
21879226.0,LinkCut
21879227.0,LinkCut
21879231.0,LinkCut
21879232.0,LinkCut
21879236.0,LinkCut
21879237.0,LinkCut
21879238.0,LinkCut
21879239.0,LinkCut
21879243.0,LinkCut
21879251.0,LinkCut
21879252.0,LinkCut
21879253.0,LinkCut
21879254.0,LinkCut
21879257.0,LinkCut
21879258.0,LinkCut
21879261.0,LinkCut
21879262.0,LinkCut
21879263.0,LinkCut
21879265.0,LinkCut
21879267.0,LinkCut
21879268.0,LinkCut
21879269.0,LinkCut
21879270.0,LinkCut
21879274.0,LinkCut
21879278.0,LinkCut
21879279.0,LinkCut
21879280.0,LinkCut
21879285.0,LinkCut
21879294.0,LinkCut
21879299.0,LinkCut
21879301.0,LinkCut
21879306.0,LinkCut
21879311.0,LinkCut
21879317.0,LinkCut
21879320.0,LinkCut
21879322.0,LinkCut
21879327.0,LinkCut
21879331.0,LinkCut
21879332.0,LinkCut
21879340.0,LinkCut
21879344.0,LinkCut
21879346.0,LinkCut
21879350.0,LinkCut
21879351.0,LinkCut
21879353.0,LinkCut
21879354.0,LinkCut
21879355.0,LinkCut
21879356.0,LinkCut
21879357.0,LinkCut
21879358.0,LinkCut
21879362.0,LinkCut
21879365.0,LinkCut
21879368.0,LinkCut
21879369.0,LinkCut
21879371.0,LinkCut
21879374.0,LinkCut
21879377.0,LinkCut
21879380.0,LinkCut
21879381.0,LinkCut
21879383.0,LinkCut
21879388.0,LinkCut
21879390.0,LinkCut
21879392.0,LinkCut
21879394.0,LinkCut
21879417.0,LinkCut
21879421.0,LinkCut
21879422.0,LinkCut
21879423.0,LinkCut
21879425.0,LinkCut
21879431.0,LinkCut
21879441.0,LinkCut
21879442.0,LinkCut
21879443.0,LinkCut
21879444.0,LinkCut
21879448.0,LinkCut
21879451.0,LinkCut
21879456.0,LinkCut
21879458.0,LinkCut
21879460.0,LinkCut
21879464.0,LinkCut
21879470.0,LinkCut
21879479.0,LinkCut
21879480.0,LinkCut
21879481.0,LinkCut
21879484.0,LinkCut
21879487.0,LinkCut
21879491.0,LinkCut
21879496.0,LinkCut
21879504.0,LinkCut
21879505.0,LinkCut
21879506.0,LinkCut
21879510.0,LinkCut
21879517.0,LinkCut
21879519.0,LinkCut
21879521.0,LinkCut
21879522.0,LinkCut
21879527.0,LinkCut
21879528.0,LinkCut
21879529.0,LinkCut
21879530.0,LinkCut
21879531.0,LinkCut
21879533.0,LinkCut
21879542.0,LinkCut
21879546.0,LinkCut
21879548.0,LinkCut
21879557.0,LinkCut
21879558.0,LinkCut
21879561.0,LinkCut
21879562.0,LinkCut
21879564.0,LinkCut
21879567.0,LinkCut
21879569.0,LinkCut
21879578.0,LinkCut
21879584.0,LinkCut
21879589.0,LinkCut
21879592.0,LinkCut
21879593.0,LinkCut
21879600.0,LinkCut
21879602.0,LinkCut
21879603.0,LinkCut
21879606.0,LinkCut
21879608.0,LinkCut
21879609.0,LinkCut
21879615.0,LinkCut
21879618.0,LinkCut
21879621.0,LinkCut
21879624.0,LinkCut
21879640.0,LinkCut
21879646.0,LinkCut
21879651.0,LinkCut
21879659.0,LinkCut
21879660.0,LinkCut
21879664.0,LinkCut
21879667.0,LinkCut
21879670.0,LinkCut
21879675.0,LinkCut
21879683.0,LinkCut
21879689.0,LinkCut
21879690.0,LinkCut
21879693.0,LinkCut
21879695.0,LinkCut
21879696.0,LinkCut
21879702.0,LinkCut
21879719.0,LinkCut
21879720.0,LinkCut
21879721.0,LinkCut
21879744.0,LinkCut
21879747.0,LinkCut
21879757.0,LinkCut
21879759.0,LinkCut
21879769.0,LinkCut
21879775.0,LinkCut
21879779.0,LinkCut
21879780.0,LinkCut
21879791.0,LinkCut
21879806.0,LinkCut
21879812.0,LinkCut
21879820.0,LinkCut
21879824.0,LinkCut
21879825.0,LinkCut
21879829.0,LinkCut
21879843.0,LinkCut
21879855.0,LinkCut
21879858.0,LinkCut
21879859.0,LinkCut
21879867.0,LinkCut
21879870.0,LinkCut
21879871.0,LinkCut
21879872.0,LinkCut
21879873.0,LinkCut
21879875.0,LinkCut
21879878.0,LinkCut
21879884.0,LinkCut
21879931.0,LinkCut
21879943.0,LinkCut
21879945.0,LinkCut
21879952.0,LinkCut
21879960.0,LinkCut
21879961.0,LinkCut
21879968.0,LinkCut
21879973.0,LinkCut
21880034.0,LinkCut
21880048.0,LinkCut
21880069.0,LinkCut
21880076.0,LinkCut
21880113.0,LinkCut
21880114.0,LinkCut
21880115.0,LinkCut
21880130.0,LinkCut
21880157.0,LinkCut
21880158.0,LinkCut
21880161.0,LinkCut
21880187.0,LinkCut
21880190.0,LinkCut
21880234.0,LinkCut
21880244.0,LinkCut
21880262.0,LinkCut
21880264.0,LinkCut
21880274.0,LinkCut
21880278.0,LinkCut
21880283.0,LinkCut
21880331.0,LinkCut
21880339.0,LinkCut
21880405.0,LinkCut
21880407.0,LinkCut
21880409.0,LinkCut
21880450.0,LinkCut
21880453.0,LinkCut
21880457.0,LinkCut
21880462.0,LinkCut
21880469.0,LinkCut
21880480.0,LinkCut
21880508.0,LinkCut
21880514.0,LinkCut
21880516.0,LinkCut
21880539.0,LinkCut
21880542.0,LinkCut
21880574.0,LinkCut
21880597.0,LinkCut
21880602.0,LinkCut
21880618.0,LinkCut
21880623.0,LinkCut
21880652.0,LinkCut
21880655.0,LinkCut
21880701.0,LinkCut
21880717.0,LinkCut
21880783.0,LinkCut
21880808.0,LinkCut
21880864.0,LinkCut
21880866.0,LinkCut
21880907.0,LinkCut
21880965.0,LinkCut
21880997.0,LinkCut
21880998.0,LinkCut
21881007.0,LinkCut
21881023.0,LinkCut
21881079.0,LinkCut
21881087.0,LinkCut
21881169.0,LinkCut
21881189.0,LinkCut
21881197.0,LinkCut
21881221.0,LinkCut
21881259.0,LinkCut
21881308.0,LinkCut
21881315.0,LinkCut
21881378.0,LinkCut
21881424.0,LinkCut
21881430.0,LinkCut
21881487.0,LinkCut
21881607.0,LinkCut
21881822.0,LinkCut
21881992.0,LinkCut
21882001.0,LinkCut
21882033.0,LinkCut
21882054.0,LinkCut
21882133.0,LinkCut
21882182.0,LinkCut
21882206.0,LinkCut
21882231.0,LinkCut
21882472.0,LinkCut
21882623.0,LinkCut
21882636.0,LinkCut
21882820.0,LinkCut
21882821.0,LinkCut
21882826.0,LinkCut
21882850.0,LinkCut
21882943.0,LinkCut
21882953.0,LinkCut
21883033.0,LinkCut
21883044.0,LinkCut
21883108.0,LinkCut
21883178.0,LinkCut
21883181.0,LinkCut
21883327.0,LinkCut
21883434.0,LinkCut
21883535.0,LinkCut
21883576.0,LinkCut
21883817.0,LinkCut
21883854.0,LinkCut
21883876.0,LinkCut
21883932.0,LinkCut
21883999.0,LinkCut
21884345.0,LinkCut
21884382.0,LinkCut
21884508.0,LinkCut
21884515.0,LinkCut
21884525.0,LinkCut
21884530.0,LinkCut
21884775.0,LinkCut
21884776.0,LinkCut
21885179.0,LinkCut
21885336.0,LinkCut
21885466.0,LinkCut
21885533.0,LinkCut
21885671.0,LinkCut
21885872.0,LinkCut
21885896.0,LinkCut
21886115.0,LinkCut
21886128.0,LinkCut
21886463.0,LinkCut
21886464.0,LinkCut
21886583.0,LinkCut
21886679.0,LinkCut
21886708.0,LinkCut
21886745.0,LinkCut
21886920.0,LinkCut
21887143.0,LinkCut
21887305.0,LinkCut
21887306.0,LinkCut
21887307.0,LinkCut
21887339.0,LinkCut
21887507.0,LinkCut
21887721.0,LinkCut
21887895.0,LinkCut
21887964.0,LinkCut
21888098.0,LinkCut
21888111.0,LinkCut
21888244.0,LinkCut
21888438.0,LinkCut
21888446.0,LinkCut
21888461.0,LinkCut
21888591.0,LinkCut
21888694.0,LinkCut
21888706.0,LinkCut
21888708.0,LinkCut
21888709.0,LinkCut
21888748.0,LinkCut
21888933.0,LinkCut
21889048.0,LinkCut
21889117.0,LinkCut
21889255.0,LinkCut
21889262.0,LinkCut
21889339.0,LinkCut
21889393.0,LinkCut
21889431.0,LinkCut
21889448.0,LinkCut
21889478.0,LinkCut
21889491.0,LinkCut
21889493.0,LinkCut
21889495.0,LinkCut
21889498.0,LinkCut
21889504.0,LinkCut
21889506.0,LinkCut
21889508.0,LinkCut
21889516.0,LinkCut
21889519.0,LinkCut
21889572.0,LinkCut
21889577.0,LinkCut
21889598.0,LinkCut
21889609.0,LinkCut
21889617.0,LinkCut
21889705.0,LinkCut
21889738.0,LinkCut
21889762.0,LinkCut
21889767.0,LinkCut
21889772.0,LinkCut
21889807.0,LinkCut
21889865.0,LinkCut
21889868.0,LinkCut
21889870.0,LinkCut
21889908.0,LinkCut
21890085.0,LinkCut
21890207.0,LinkCut
21890302.0,LinkCut
21890315.0,LinkCut
21890384.0,LinkCut
21890449.0,LinkCut
21890804.0,LinkCut
21890856.0,LinkCut
21890887.0,LinkCut
21890902.0,LinkCut
21890911.0,LinkCut
21890912.0,LinkCut
21890924.0,LinkCut
21890932.0,LinkCut
21890943.0,LinkCut
21890944.0,LinkCut
21890945.0,LinkCut
21890947.0,LinkCut
21890948.0,LinkCut
21890949.0,LinkCut
21890951.0,LinkCut
21891036.0,LinkCut
21891037.0,LinkCut
21891039.0,LinkCut
21891071.0,LinkCut
21891075.0,LinkCut
21891076.0,LinkCut
21891078.0,LinkCut
21891101.0,LinkCut
21891112.0,LinkCut
21891127.0,LinkCut
21891128.0,LinkCut
21891235.0,LinkCut
21891281.0,LinkCut
21891327.0,LinkCut
21891469.0,LinkCut
21891522.0,LinkCut
21891572.0,LinkCut
21891630.0,LinkCut
21891635.0,LinkCut
21891660.0,LinkCut
21891709.0,LinkCut
21891720.0,LinkCut
21891727.0,LinkCut
21891730.0,LinkCut
21891753.0,LinkCut
21891929.0,LinkCut
21891940.0,LinkCut
21891991.0,LinkCut
21892016.0,LinkCut
21892066.0,LinkCut
21892082.0,LinkCut
21892097.0,LinkCut
21892099.0,LinkCut
21892203.0,LinkCut
21892205.0,LinkCut
21892281.0,LinkCut
21892284.0,LinkCut
21892333.0,LinkCut
21892427.0,LinkCut
21892457.0,LinkCut
21892657.0,LinkCut
21892662.0,LinkCut
21892722.0,LinkCut
21892786.0,LinkCut
21892806.0,LinkCut
21892807.0,LinkCut
21892810.0,LinkCut
21892864.0,LinkCut
21892866.0,LinkCut
21892904.0,LinkCut
21893077.0,LinkCut
21893174.0,LinkCut
21893204.0,LinkCut
21893243.0,LinkCut
21893318.0,LinkCut
21893342.0,LinkCut
21893353.0,LinkCut
21893411.0,LinkCut
21893430.0,LinkCut
21893721.0,LinkCut
21893991.0,LinkCut
21893995.0,LinkCut
21893999.0,LinkCut
21894314.0,LinkCut
21894616.0,LinkCut
21894732.0,LinkCut
21895013.0,LinkCut
21895230.0,LinkCut
21895377.0,LinkCut
21895571.0,LinkCut
21895665.0,LinkCut
21895821.0,LinkCut
21895880.0,LinkCut
21896151.0,LinkCut
21896152.0,LinkCut
21896154.0,LinkCut
21896157.0,LinkCut
21896158.0,LinkCut
21896298.0,LinkCut
21896332.0,LinkCut
21896539.0,LinkCut
21896932.0,LinkCut
21896933.0,LinkCut
21897041.0,LinkCut
21897434.0,LinkCut
21897538.0,LinkCut
21897684.0,LinkCut
21898021.0,LinkCut
21898056.0,LinkCut
21898256.0,LinkCut
21898338.0,LinkCut
21898574.0,LinkCut
21898886.0,LinkCut
21899178.0,LinkCut
21899377.0,LinkCut
21899482.0,LinkCut
21899922.0,LinkCut
21900636.0,LinkCut
21900901.0,LinkCut
21900906.0,LinkCut
21900908.0,LinkCut
21900929.0,LinkCut
21901007.0,LinkCut
21901163.0,LinkCut
21901192.0,LinkCut
21901329.0,LinkCut
21901385.0,LinkCut
21901503.0,LinkCut
21901550.0,LinkCut
21901782.0,LinkCut
21901944.0,LinkCut
21902014.0,LinkCut
21902160.0,LinkCut
21902201.0,LinkCut
21902288.0,LinkCut
21902305.0,LinkCut
21902359.0,LinkCut
21902553.0,LinkCut
21902579.0,LinkCut
21902763.0,LinkCut
21902770.0,LinkCut
21902845.0,LinkCut
21902868.0,LinkCut
21902984.0,LinkCut
21902991.0,LinkCut
21902993.0,LinkCut
21903008.0,LinkCut
21903009.0,LinkCut
21903019.0,LinkCut
21903020.0,LinkCut
21903063.0,LinkCut
21903086.0,LinkCut
21903089.0,LinkCut
21903114.0,LinkCut
21903155.0,LinkCut
21903209.0,LinkCut
21903266.0,LinkCut
21903313.0,LinkCut
21903356.0,LinkCut
21903390.0,LinkCut
21903427.0,LinkCut
21903446.0,LinkCut
21903477.0,LinkCut
21903479.0,LinkCut
21903519.0,LinkCut
21903531.0,LinkCut
21903590.0,LinkCut
21903602.0,LinkCut
21903628.0,LinkCut
21903643.0,LinkCut
21903662.0,LinkCut
21903692.0,LinkCut
21903700.0,LinkCut
21903721.0,LinkCut
21903752.0,LinkCut
21903842.0,LinkCut
21903871.0,LinkCut
21903919.0,LinkCut
21903953.0,LinkCut
21904021.0,LinkCut
21904091.0,LinkCut
21904097.0,LinkCut
21904242.0,LinkCut
21904287.0,LinkCut
21904288.0,LinkCut
21904291.0,LinkCut
21904295.0,LinkCut
21904348.0,LinkCut
21904394.0,LinkCut
21904444.0,LinkCut
21904480.0,LinkCut
21904575.0,LinkCut
21904577.0,LinkCut
21904597.0,LinkCut
21904704.0,LinkCut
21904750.0,LinkCut
21904812.0,LinkCut
21904853.0,LinkCut
21904870.0,LinkCut
21904873.0,LinkCut
21904901.0,LinkCut
21905065.0,LinkCut
21905066.0,LinkCut
21905075.0,LinkCut
21905147.0,LinkCut
21905178.0,LinkCut
21905268.0,LinkCut
21905284.0,LinkCut
21905292.0,LinkCut
21905367.0,LinkCut
21905385.0,LinkCut
21905503.0,LinkCut
21905674.0,LinkCut
21905738.0,LinkCut
21905744.0,LinkCut
21905882.0,LinkCut
21905883.0,LinkCut
21905953.0,LinkCut
21905958.0,LinkCut
21906045.0,LinkCut
21906054.0,LinkCut
21906090.0,LinkCut
21906098.0,LinkCut
21906102.0,LinkCut
21906213.0,LinkCut
21906248.0,LinkCut
21906253.0,LinkCut
21906257.0,LinkCut
21906352.0,LinkCut
21906353.0,LinkCut
21906376.0,LinkCut
21906379.0,LinkCut
21906550.0,LinkCut
21906565.0,LinkCut
21906805.0,LinkCut
21906858.0,LinkCut
21906926.0,LinkCut
21906939.0,LinkCut
21906956.0,LinkCut
21906968.0,LinkCut
21907005.0,LinkCut
21907045.0,LinkCut
21907096.0,LinkCut
21907166.0,LinkCut
21907185.0,LinkCut
21907342.0,LinkCut
21907459.0,LinkCut
21907501.0,LinkCut
21907563.0,LinkCut
21907659.0,LinkCut
21907669.0,LinkCut
21907673.0,LinkCut
21907689.0,LinkCut
21907691.0,LinkCut
21907719.0,LinkCut
21907744.0,LinkCut
21907746.0,LinkCut
21907772.0,LinkCut
21907778.0,LinkCut
21907792.0,LinkCut
21907820.0,LinkCut
21907899.0,LinkCut
21908017.0,LinkCut
21908020.0,LinkCut
21908036.0,LinkCut
21908040.0,LinkCut
21908042.0,LinkCut
21908160.0,LinkCut
21908180.0,LinkCut
21908181.0,LinkCut
21908182.0,LinkCut
21908192.0,LinkCut
21908229.0,LinkCut
21908253.0,LinkCut
21908270.0,LinkCut
21908280.0,LinkCut
21908298.0,LinkCut
21908307.0,LinkCut
21908309.0,LinkCut
21908385.0,LinkCut
21908397.0,LinkCut
21908461.0,LinkCut
21908463.0,LinkCut
21908552.0,LinkCut
21908746.0,LinkCut
21908769.0,LinkCut
21908839.0,LinkCut
21909010.0,LinkCut
21909138.0,LinkCut
21909165.0,LinkCut
21909174.0,LinkCut
21909187.0,LinkCut
21909335.0,LinkCut
21909492.0,LinkCut
21909619.0,LinkCut
21909794.0,LinkCut
21910196.0,LinkCut
21910327.0,LinkCut
21910334.0,LinkCut
21910381.0,LinkCut
21910394.0,LinkCut
21910412.0,LinkCut
21910413.0,LinkCut
21910425.0,LinkCut
21910441.0,LinkCut
21910463.0,LinkCut
21910471.0,LinkCut
21910483.0,LinkCut
21910576.0,LinkCut
21910594.0,LinkCut
21910708.0,LinkCut
21910719.0,LinkCut
21910753.0,LinkCut
21910785.0,LinkCut
21910939.0,LinkCut
21910970.0,LinkCut
21910976.0,LinkCut
21910995.0,LinkCut
21911006.0,LinkCut
21911007.0,LinkCut
21911061.0,LinkCut
21911138.0,LinkCut
21911142.0,LinkCut
21911148.0,LinkCut
21911165.0,LinkCut
21911184.0,LinkCut
21911185.0,LinkCut
21911233.0,LinkCut
21911236.0,LinkCut
21911270.0,LinkCut
21911285.0,LinkCut
21911372.0,LinkCut
21911385.0,LinkCut
21911402.0,LinkCut
21911454.0,LinkCut
21911455.0,LinkCut
21911456.0,LinkCut
21911459.0,LinkCut
21911464.0,LinkCut
21911491.0,LinkCut
21911509.0,LinkCut
21911538.0,LinkCut
21911617.0,LinkCut
21911621.0,LinkCut
21911642.0,LinkCut
21911709.0,LinkCut
21911720.0,LinkCut
21911722.0,LinkCut
21911738.0,LinkCut
21911777.0,LinkCut
21911789.0,LinkCut
21911977.0,LinkCut
21912054.0,LinkCut
21912249.0,LinkCut
21912387.0,LinkCut
21912443.0,LinkCut
21912448.0,LinkCut
21912494.0,LinkCut
21912622.0,LinkCut
21912717.0,LinkCut
21912731.0,LinkCut
21912860.0,LinkCut
21912906.0,LinkCut
21912939.0,LinkCut
21913141.0,LinkCut
21913169.0,LinkCut
21913205.0,LinkCut
21913219.0,LinkCut
21913306.0,LinkCut
21913344.0,LinkCut
21913394.0,LinkCut
21913421.0,LinkCut
21913487.0,LinkCut
21913502.0,LinkCut
21913513.0,LinkCut
21913534.0,LinkCut
21913630.0,LinkCut
21913660.0,LinkCut
21913729.0,LinkCut
21913736.0,LinkCut
21913857.0,LinkCut
21913860.0,LinkCut
21913871.0,LinkCut
21913883.0,LinkCut
21913893.0,LinkCut
21913901.0,LinkCut
21913941.0,LinkCut
21913949.0,LinkCut
21913982.0,LinkCut
21913990.0,LinkCut
21913998.0,LinkCut
21914049.0,LinkCut
21914080.0,LinkCut
21914166.0,LinkCut
21914249.0,LinkCut
21914288.0,LinkCut
21914291.0,LinkCut
21914305.0,LinkCut
21914329.0,LinkCut
21914358.0,LinkCut
21914369.0,LinkCut
21914370.0,LinkCut
21914395.0,LinkCut
21914398.0,LinkCut
21914439.0,LinkCut
21914525.0,LinkCut
21914641.0,LinkCut
21914767.0,LinkCut
21914891.0,LinkCut
21915064.0,LinkCut
21915160.0,LinkCut
21915311.0,LinkCut
21915472.0,LinkCut
21915560.0,LinkCut
21915583.0,LinkCut
21915597.0,LinkCut
21915770.0,LinkCut
21915786.0,LinkCut
21915787.0,LinkCut
21915805.0,LinkCut
21915923.0,LinkCut
21915941.0,LinkCut
21916148.0,LinkCut
21916153.0,LinkCut
21916207.0,LinkCut
21916294.0,LinkCut
21916364.0,LinkCut
21916513.0,LinkCut
21916514.0,LinkCut
21916599.0,LinkCut
21916795.0,LinkCut
21916881.0,LinkCut
21916966.0,LinkCut
21916973.0,LinkCut
21916994.0,LinkCut
21916995.0,LinkCut
21917016.0,LinkCut
21917020.0,LinkCut
21917081.0,LinkCut
21917154.0,LinkCut
21917155.0,LinkCut
21917158.0,LinkCut
21917159.0,LinkCut
21917161.0,LinkCut
21917162.0,LinkCut
21917164.0,LinkCut
21917165.0,LinkCut
21917167.0,LinkCut
21917168.0,LinkCut
21917169.0,LinkCut
21917235.0,LinkCut
21917282.0,LinkCut
21917307.0,LinkCut
21917337.0,LinkCut
21917341.0,LinkCut
21917342.0,LinkCut
21917353.0,LinkCut
21917359.0,LinkCut
21917364.0,LinkCut
21917369.0,LinkCut
21917371.0,LinkCut
21917373.0,LinkCut
21917389.0,LinkCut
21917391.0,LinkCut
21917392.0,LinkCut
21917398.0,LinkCut
21917399.0,LinkCut
21917401.0,LinkCut
21917402.0,LinkCut
21917403.0,LinkCut
21917404.0,LinkCut
21917405.0,LinkCut
21917407.0,LinkCut
21917450.0,LinkCut
21917467.0,LinkCut
21917480.0,LinkCut
21917505.0,LinkCut
21917508.0,LinkCut
21917512.0,LinkCut
21917513.0,LinkCut
21917520.0,LinkCut
21917525.0,LinkCut
21917529.0,LinkCut
21917530.0,LinkCut
21917533.0,LinkCut
21917536.0,LinkCut
21917537.0,LinkCut
21917538.0,LinkCut
21917546.0,LinkCut
21917551.0,LinkCut
21917555.0,LinkCut
21917564.0,LinkCut
21917572.0,LinkCut
21917585.0,LinkCut
21917592.0,LinkCut
21917595.0,LinkCut
21917598.0,LinkCut
21917605.0,LinkCut
21917606.0,LinkCut
21917623.0,LinkCut
21917637.0,LinkCut
21917652.0,LinkCut
21917666.0,LinkCut
21917676.0,LinkCut
21917690.0,LinkCut
21917693.0,LinkCut
21917712.0,LinkCut
21917732.0,LinkCut
21917733.0,LinkCut
21917735.0,LinkCut
21917749.0,LinkCut
21917757.0,LinkCut
21917758.0,LinkCut
21917770.0,LinkCut
21917779.0,LinkCut
21917781.0,LinkCut
21917784.0,LinkCut
21917792.0,LinkCut
21917803.0,LinkCut
21917817.0,LinkCut
21917828.0,LinkCut
21917835.0,LinkCut
21917841.0,LinkCut
21917884.0,LinkCut
21917896.0,LinkCut
21917964.0,LinkCut
21917991.0,LinkCut
21918015.0,LinkCut
21918081.0,LinkCut
21918092.0,LinkCut
21918116.0,LinkCut
21918118.0,LinkCut
21918179.0,LinkCut
21918249.0,LinkCut
21918308.0,LinkCut
21918326.0,LinkCut
21918337.0,LinkCut
21918392.0,LinkCut
21918443.0,LinkCut
21918494.0,LinkCut
21918570.0,LinkCut
21918581.0,LinkCut
21918594.0,LinkCut
21918624.0,LinkCut
21918672.0,LinkCut
21918697.0,LinkCut
21918802.0,LinkCut
21918856.0,LinkCut
21918948.0,LinkCut
21919044.0,LinkCut
21919081.0,LinkCut
21919155.0,LinkCut
21919157.0,LinkCut
21919228.0,LinkCut
21919250.0,LinkCut
21919308.0,LinkCut
21919510.0,LinkCut
21919583.0,LinkCut
21919678.0,LinkCut
21919787.0,LinkCut
21919801.0,LinkCut
21919862.0,LinkCut
21919875.0,LinkCut
21920123.0,LinkCut
21920230.0,LinkCut
21920356.0,LinkCut
21920362.0,LinkCut
21920492.0,LinkCut
21920553.0,LinkCut
21920678.0,LinkCut
21920744.0,LinkCut
21920817.0,LinkCut
21920938.0,LinkCut
21920982.0,LinkCut
21921029.0,LinkCut
21921046.0,LinkCut
21921086.0,LinkCut
21921120.0,LinkCut
21921287.0,LinkCut
21921427.0,LinkCut
21921492.0,LinkCut
21921548.0,LinkCut
21921626.0,LinkCut
21921752.0,LinkCut
21921938.0,LinkCut
21921968.0,LinkCut
21922045.0,LinkCut
21922067.0,LinkCut
21922170.0,LinkCut
21922257.0,LinkCut
21922474.0,LinkCut
21922662.0,LinkCut
21922874.0,LinkCut
21922952.0,LinkCut
21923018.0,LinkCut
21923312.0,LinkCut
21923425.0,LinkCut
21923446.0,LinkCut
21923453.0,LinkCut
21923544.0,LinkCut
21923682.0,LinkCut
21923888.0,LinkCut
21923900.0,LinkCut
21923903.0,LinkCut
21924008.0,LinkCut
21924111.0,LinkCut
21924271.0,LinkCut
21924470.0,LinkCut
21924568.0,LinkCut
21924643.0,LinkCut
21924858.0,LinkCut
21925049.0,LinkCut
21925223.0,LinkCut
21925536.0,LinkCut
21925558.0,LinkCut
21925723.0,LinkCut
21925792.0,LinkCut
21926148.0,LinkCut
21926179.0,LinkCut
21926195.0,LinkCut
21926200.0,LinkCut
21926203.0,LinkCut
21926209.0,LinkCut
21926224.0,LinkCut
21926233.0,LinkCut
21926272.0,LinkCut
21926286.0,LinkCut
21926305.0,LinkCut
21926306.0,LinkCut
21926341.0,LinkCut
21926348.0,LinkCut
21926373.0,LinkCut
21926381.0,LinkCut
21926388.0,LinkCut
21926402.0,LinkCut
21926404.0,LinkCut
21926408.0,LinkCut
21926422.0,LinkCut
21926434.0,LinkCut
21926442.0,LinkCut
21926444.0,LinkCut
21926450.0,LinkCut
21926478.0,LinkCut
21926488.0,LinkCut
21926497.0,LinkCut
21926512.0,LinkCut
21926540.0,LinkCut
21926541.0,LinkCut
21926542.0,LinkCut
21926580.0,LinkCut
21926582.0,LinkCut
21926605.0,LinkCut
21926624.0,LinkCut
21926699.0,LinkCut
21926729.0,LinkCut
21926919.0,LinkCut
21927010.0,LinkCut
21927032.0,LinkCut
21927113.0,LinkCut
21927116.0,LinkCut
21927126.0,LinkCut
21927179.0,LinkCut
21927209.0,LinkCut
21927216.0,LinkCut
21927251.0,LinkCut
21927271.0,LinkCut
21927331.0,LinkCut
21927372.0,LinkCut
21927538.0,LinkCut
21927615.0,LinkCut
21927674.0,LinkCut
21927676.0,LinkCut
21927677.0,LinkCut
21927679.0,LinkCut
21927682.0,LinkCut
21927686.0,LinkCut
21927717.0,LinkCut
21927723.0,LinkCut
21927839.0,LinkCut
21927857.0,LinkCut
21927897.0,LinkCut
21927902.0,LinkCut
21927927.0,LinkCut
21928004.0,LinkCut
21928012.0,LinkCut
21928013.0,LinkCut
21928130.0,LinkCut
21928189.0,LinkCut
21928244.0,LinkCut
21928324.0,LinkCut
21928330.0,LinkCut
21928337.0,LinkCut
21928348.0,LinkCut
21928404.0,LinkCut
21928495.0,LinkCut
21928497.0,LinkCut
21928513.0,LinkCut
21928738.0,LinkCut
21928842.0,LinkCut
21929108.0,LinkCut
21929131.0,LinkCut
21929134.0,LinkCut
21929136.0,LinkCut
21929140.0,LinkCut
21929153.0,LinkCut
21929154.0,LinkCut
21929156.0,LinkCut
21929157.0,LinkCut
21929158.0,LinkCut
21929220.0,LinkCut
21929348.0,LinkCut
21929379.0,LinkCut
21929420.0,LinkCut
21929471.0,LinkCut
21929472.0,LinkCut
21929474.0,LinkCut
21929475.0,LinkCut
21929476.0,LinkCut
21929477.0,LinkCut
21929501.0,LinkCut
21929701.0,LinkCut
21929750.0,LinkCut
21929825.0,LinkCut
21929849.0,LinkCut
21929886.0,LinkCut
21930206.0,LinkCut
21930259.0,LinkCut
21930323.0,LinkCut
21930324.0,LinkCut
21930325.0,LinkCut
21930326.0,LinkCut
21930327.0,LinkCut
21930413.0,LinkCut
21930422.0,LinkCut
21930427.0,LinkCut
21930492.0,LinkCut
21930494.0,LinkCut
21930495.0,LinkCut
21930496.0,LinkCut
21930497.0,LinkCut
21930498.0,LinkCut
21930499.0,LinkCut
21930500.0,LinkCut
21930501.0,LinkCut
21930502.0,LinkCut
21930503.0,LinkCut
21930504.0,LinkCut
21930506.0,LinkCut
21930750.0,LinkCut
21930928.0,LinkCut
21930956.0,LinkCut
21930973.0,LinkCut
21930987.0,LinkCut
21931011.0,LinkCut
21931060.0,LinkCut
21931109.0,LinkCut
21931171.0,LinkCut
21931230.0,LinkCut
21931250.0,LinkCut
21931267.0,LinkCut
21931337.0,LinkCut
21931338.0,LinkCut
21931341.0,LinkCut
21931343.0,LinkCut
21931396.0,LinkCut
21931442.0,LinkCut
21931475.0,LinkCut
21931507.0,LinkCut
21931563.0,LinkCut
21931595.0,LinkCut
21931657.0,LinkCut
21931690.0,LinkCut
21931694.0,LinkCut
21931695.0,LinkCut
21931699.0,LinkCut
21931706.0,LinkCut
21931762.0,LinkCut
21931795.0,LinkCut
21931970.0,LinkCut
21932014.0,LinkCut
21932052.0,LinkCut
21932140.0,LinkCut
21932216.0,LinkCut
21932330.0,LinkCut
21932472.0,LinkCut
21932535.0,LinkCut
21932758.0,LinkCut
21932808.0,LinkCut
21932881.0,LinkCut
21932945.0,LinkCut
21933027.0,LinkCut
21933122.0,LinkCut
21933366.0,LinkCut
21933506.0,LinkCut
21933611.0,LinkCut
21933697.0,LinkCut
21933915.0,LinkCut
21933976.0,LinkCut
21934158.0,LinkCut
21934211.0,LinkCut
21934339.0,LinkCut
21934459.0,LinkCut
21934525.0,LinkCut
21934630.0,LinkCut
21934857.0,LinkCut
21935020.0,LinkCut
21935123.0,LinkCut
21935406.0,LinkCut
21935430.0,LinkCut
21935432.0,LinkCut
21935628.0,LinkCut
21935938.0,LinkCut
21935944.0,LinkCut
21936175.0,LinkCut
21936300.0,LinkCut
21936395.0,LinkCut
21936552.0,LinkCut
21936600.0,LinkCut
21936639.0,LinkCut
21936705.0,LinkCut
21936796.0,LinkCut
21936825.0,LinkCut
21936893.0,LinkCut
21936992.0,LinkCut
21937016.0,LinkCut
21937078.0,LinkCut
21937117.0,LinkCut
21937145.0,LinkCut
21937146.0,LinkCut
21937181.0,LinkCut
21937183.0,LinkCut
21937236.0,LinkCut
21937240.0,LinkCut
21937242.0,LinkCut
21937327.0,LinkCut
21937350.0,LinkCut
21937370.0,LinkCut
21937404.0,LinkCut
21937461.0,LinkCut
21937464.0,LinkCut
21937496.0,LinkCut
21937499.0,LinkCut
21937535.0,LinkCut
21937586.0,LinkCut
21937605.0,LinkCut
21937611.0,LinkCut
21937656.0,LinkCut
21937679.0,LinkCut
21937692.0,LinkCut
21937694.0,LinkCut
21937864.0,LinkCut
21937872.0,LinkCut
21938047.0,LinkCut
21938161.0,LinkCut
21938253.0,LinkCut
21938285.0,LinkCut
21938292.0,LinkCut
21938389.0,LinkCut
21938416.0,LinkCut
21938453.0,LinkCut
21938593.0,LinkCut
21938709.0,LinkCut
21938739.0,LinkCut
21938797.0,LinkCut
21938799.0,LinkCut
21938804.0,LinkCut
21938812.0,LinkCut
21938929.0,LinkCut
21938947.0,LinkCut
21938961.0,LinkCut
21938977.0,LinkCut
21938994.0,LinkCut
21939009.0,LinkCut
21939020.0,LinkCut
21939047.0,LinkCut
21939082.0,LinkCut
21939125.0,LinkCut
21939143.0,LinkCut
21939400.0,LinkCut
21939494.0,LinkCut
21939504.0,LinkCut
21939577.0,LinkCut
21939662.0,LinkCut
21939688.0,LinkCut
21939692.0,LinkCut
21939708.0,LinkCut
21939801.0,LinkCut
21939806.0,LinkCut
21939810.0,LinkCut
21939824.0,LinkCut
21939828.0,LinkCut
21939832.0,LinkCut
21939844.0,LinkCut
21939859.0,LinkCut
21939905.0,LinkCut
21939957.0,LinkCut
21939976.0,LinkCut
21939980.0,LinkCut
21940010.0,LinkCut
21940012.0,LinkCut
21940014.0,LinkCut
21940035.0,LinkCut
21940076.0,LinkCut
21940085.0,LinkCut
21940093.0,LinkCut
21940107.0,LinkCut
21940109.0,LinkCut
21940129.0,LinkCut
21940153.0,LinkCut
21940249.0,LinkCut
21940344.0,LinkCut
21940378.0,LinkCut
21940380.0,LinkCut
21940383.0,LinkCut
21940458.0,LinkCut
21940469.0,LinkCut
21940481.0,LinkCut
21940722.0,LinkCut
21940745.0,LinkCut
21940756.0,LinkCut
21940780.0,LinkCut
21940781.0,LinkCut
21940845.0,LinkCut
21940857.0,LinkCut
21940899.0,LinkCut
21941001.0,LinkCut
21941008.0,LinkCut
21941013.0,LinkCut
21941031.0,LinkCut
21941044.0,LinkCut
21941064.0,LinkCut
21941065.0,LinkCut
21941156.0,LinkCut
21941172.0,LinkCut
21941185.0,LinkCut
21941199.0,LinkCut
21941201.0,LinkCut
21941203.0,LinkCut
21941204.0,LinkCut
21941232.0,LinkCut
21941302.0,LinkCut
21941398.0,LinkCut
21941400.0,LinkCut
21941401.0,LinkCut
21941403.0,LinkCut
21941407.0,LinkCut
21941410.0,LinkCut
21941501.0,LinkCut
21941544.0,LinkCut
21941574.0,LinkCut
21941581.0,LinkCut
21941659.0,LinkCut
21941811.0,LinkCut
21941863.0,LinkCut
21941935.0,LinkCut
21941975.0,LinkCut
21942007.0,LinkCut
21942255.0,LinkCut
21942333.0,LinkCut
21942361.0,LinkCut
21942372.0,LinkCut
21942436.0,LinkCut
21942478.0,LinkCut
21942505.0,LinkCut
21942584.0,LinkCut
21942601.0,LinkCut
21942687.0,LinkCut
21942693.0,LinkCut
21942696.0,LinkCut
21942731.0,LinkCut
21942899.0,LinkCut
21942911.0,LinkCut
21942916.0,LinkCut
21943083.0,LinkCut
21943111.0,LinkCut
21943272.0,LinkCut
21943286.0,LinkCut
21943312.0,LinkCut
21943331.0,LinkCut
21943423.0,LinkCut
21943424.0,LinkCut
21943431.0,LinkCut
21943543.0,LinkCut
21943622.0,LinkCut
21943652.0,LinkCut
21943656.0,LinkCut
21943753.0,LinkCut
21943793.0,LinkCut
21943957.0,LinkCut
21943972.0,LinkCut
21944105.0,LinkCut
21944233.0,LinkCut
21944236.0,LinkCut
21944237.0,LinkCut
21944299.0,LinkCut
21944343.0,LinkCut
21944450.0,LinkCut
21944485.0,LinkCut
21944489.0,LinkCut
21944494.0,LinkCut
21944496.0,LinkCut
21944501.0,LinkCut
21944505.0,LinkCut
21944507.0,LinkCut
21944545.0,LinkCut
21944592.0,LinkCut
21944598.0,LinkCut
21944602.0,LinkCut
21944603.0,LinkCut
21944604.0,LinkCut
21944606.0,LinkCut
21944692.0,LinkCut
21944753.0,LinkCut
21944786.0,LinkCut
21944832.0,LinkCut
21944835.0,LinkCut
21944870.0,LinkCut
21944877.0,LinkCut
21944952.0,LinkCut
21945002.0,LinkCut
21945072.0,LinkCut
21945082.0,LinkCut
21945097.0,LinkCut
21945203.0,LinkCut
21945222.0,LinkCut
21945279.0,LinkCut
21945338.0,LinkCut
21945365.0,LinkCut
21945377.0,LinkCut
21945393.0,LinkCut
21945398.0,LinkCut
21945403.0,LinkCut
21945424.0,LinkCut
21945432.0,LinkCut
21945433.0,LinkCut
21945454.0,LinkCut
21945461.0,LinkCut
21945471.0,LinkCut
21945493.0,LinkCut
21945520.0,LinkCut
21945536.0,LinkCut
21945538.0,LinkCut
21945541.0,LinkCut
21945547.0,LinkCut
21945562.0,LinkCut
21945564.0,LinkCut
21945575.0,LinkCut
21945609.0,LinkCut
21945623.0,LinkCut
21945652.0,LinkCut
21945673.0,LinkCut
21945676.0,LinkCut
21945711.0,LinkCut
21945712.0,LinkCut
21945729.0,LinkCut
21945745.0,LinkCut
21945921.0,LinkCut
21945968.0,LinkCut
21946063.0,LinkCut
21946112.0,LinkCut
21946160.0,LinkCut
21946166.0,LinkCut
21946172.0,LinkCut
21946285.0,LinkCut
21946329.0,LinkCut
21946407.0,LinkCut
21946519.0,LinkCut
21946521.0,LinkCut
21946525.0,LinkCut
21946552.0,LinkCut
21946579.0,LinkCut
21946585.0,LinkCut
21946620.0,LinkCut
21946624.0,LinkCut
21946626.0,LinkCut
21946707.0,LinkCut
21946724.0,LinkCut
21946810.0,LinkCut
21946866.0,LinkCut
21946887.0,LinkCut
21946897.0,LinkCut
21946899.0,LinkCut
21946904.0,LinkCut
21946918.0,LinkCut
21946962.0,LinkCut
21947017.0,LinkCut
21947209.0,LinkCut
21947320.0,LinkCut
21947399.0,LinkCut
21947420.0,LinkCut
21947452.0,LinkCut
21947457.0,LinkCut
21947462.0,LinkCut
21947478.0,LinkCut
21947491.0,LinkCut
21947493.0,LinkCut
21947499.0,LinkCut
21947516.0,LinkCut
21947568.0,LinkCut
21947622.0,LinkCut
21947643.0,LinkCut
21947692.0,LinkCut
21947824.0,LinkCut
21947836.0,LinkCut
21947855.0,LinkCut
21947937.0,LinkCut
21947943.0,LinkCut
21947982.0,LinkCut
21948144.0,LinkCut
21948169.0,LinkCut
21948174.0,LinkCut
21948224.0,LinkCut
21948230.0,LinkCut
21948235.0,LinkCut
21948240.0,LinkCut
21948329.0,LinkCut
21948424.0,LinkCut
21948452.0,LinkCut
21948458.0,LinkCut
21948483.0,LinkCut
21948484.0,LinkCut
21948486.0,LinkCut
21948560.0,LinkCut
21948587.0,LinkCut
21948598.0,LinkCut
21948617.0,LinkCut
21948703.0,LinkCut
21948705.0,LinkCut
21948803.0,LinkCut
21948832.0,LinkCut
21948862.0,LinkCut
21948893.0,LinkCut
21949106.0,LinkCut
21949193.0,LinkCut
21949306.0,LinkCut
21949349.0,LinkCut
21949366.0,LinkCut
21949393.0,LinkCut
21949418.0,LinkCut
21949447.0,LinkCut
21949511.0,LinkCut
21949597.0,LinkCut
21949808.0,LinkCut
21949891.0,LinkCut
21949898.0,LinkCut
21949908.0,LinkCut
21949923.0,LinkCut
21949925.0,LinkCut
21949958.0,LinkCut
21950001.0,LinkCut
21950058.0,LinkCut
21950078.0,LinkCut
21950133.0,LinkCut
21950177.0,LinkCut
21950190.0,LinkCut
21950307.0,LinkCut
21950381.0,LinkCut
21950531.0,LinkCut
21950539.0,LinkCut
21950611.0,LinkCut
21950722.0,LinkCut
21950723.0,LinkCut
21950802.0,LinkCut
21950845.0,LinkCut
21950863.0,LinkCut
21950875.0,LinkCut
21950881.0,LinkCut
21950906.0,LinkCut
21950941.0,LinkCut
21950956.0,LinkCut
21950966.0,LinkCut
21950970.0,LinkCut
21950979.0,LinkCut
21951002.0,LinkCut
21951034.0,LinkCut
21951036.0,LinkCut
21951045.0,LinkCut
21951050.0,LinkCut
21951052.0,LinkCut
21951054.0,LinkCut
21951059.0,LinkCut
21951061.0,LinkCut
21951062.0,LinkCut
21951065.0,LinkCut
21951066.0,LinkCut
21951067.0,LinkCut
21951069.0,LinkCut
21951071.0,LinkCut
21951072.0,LinkCut
21951075.0,LinkCut
21951076.0,LinkCut
21951077.0,LinkCut
21951080.0,LinkCut
21951083.0,LinkCut
21951085.0,LinkCut
21951088.0,LinkCut
21951096.0,LinkCut
21951100.0,LinkCut
21951101.0,LinkCut
21951103.0,LinkCut
21951104.0,LinkCut
21951105.0,LinkCut
21951106.0,LinkCut
21951107.0,LinkCut
21951110.0,LinkCut
21951111.0,LinkCut
21951112.0,LinkCut
21951114.0,LinkCut
21951120.0,LinkCut
21951121.0,LinkCut
21951122.0,LinkCut
21951123.0,LinkCut
21951127.0,LinkCut
21951128.0,LinkCut
21951135.0,LinkCut
21951136.0,LinkCut
21951137.0,LinkCut
21951145.0,LinkCut
21951149.0,LinkCut
21951157.0,LinkCut
21951159.0,LinkCut
21951162.0,LinkCut
21951167.0,LinkCut
21951171.0,LinkCut
21951175.0,LinkCut
21951187.0,LinkCut
21951192.0,LinkCut
21951193.0,LinkCut
21951194.0,LinkCut
21951195.0,LinkCut
21951196.0,LinkCut
21951197.0,LinkCut
21951199.0,LinkCut
21951201.0,LinkCut
21951203.0,LinkCut
21951207.0,LinkCut
21951209.0,LinkCut
21951212.0,LinkCut
21951213.0,LinkCut
21951214.0,LinkCut
21951222.0,LinkCut
21951225.0,LinkCut
21951227.0,LinkCut
21951231.0,LinkCut
21951243.0,LinkCut
21951248.0,LinkCut
21951249.0,LinkCut
21951250.0,LinkCut
21951253.0,LinkCut
21951258.0,LinkCut
21951259.0,LinkCut
21951266.0,LinkCut
21951270.0,LinkCut
21951274.0,LinkCut
21951278.0,LinkCut
21951286.0,LinkCut
21951287.0,LinkCut
21951288.0,LinkCut
21951299.0,LinkCut
21951303.0,LinkCut
21951306.0,LinkCut
21951315.0,LinkCut
21951316.0,LinkCut
21951317.0,LinkCut
21951324.0,LinkCut
21951327.0,LinkCut
21951328.0,LinkCut
21951334.0,LinkCut
21951336.0,LinkCut
21951338.0,LinkCut
21951340.0,LinkCut
21951344.0,LinkCut
21951349.0,LinkCut
21951350.0,LinkCut
21951364.0,LinkCut
21951366.0,LinkCut
21951368.0,LinkCut
21951369.0,LinkCut
21951372.0,LinkCut
21951374.0,LinkCut
21951381.0,LinkCut
21951382.0,LinkCut
21951385.0,LinkCut
21951396.0,LinkCut
21951397.0,LinkCut
21951404.0,LinkCut
21951405.0,LinkCut
21951414.0,LinkCut
21951416.0,LinkCut
21951430.0,LinkCut
21951432.0,LinkCut
21951434.0,LinkCut
21951435.0,LinkCut
21951438.0,LinkCut
21951439.0,LinkCut
21951444.0,LinkCut
21951445.0,LinkCut
21951451.0,LinkCut
21951455.0,LinkCut
21951458.0,LinkCut
21951466.0,LinkCut
21951470.0,LinkCut
21951471.0,LinkCut
21951474.0,LinkCut
21951483.0,LinkCut
21951484.0,LinkCut
21951493.0,LinkCut
21951494.0,LinkCut
21951499.0,LinkCut
21951501.0,LinkCut
21951508.0,LinkCut
21951509.0,LinkCut
21951524.0,LinkCut
21951529.0,LinkCut
21951549.0,LinkCut
21951550.0,LinkCut
21951554.0,LinkCut
21951581.0,LinkCut
21951601.0,LinkCut
21951614.0,LinkCut
21951639.0,LinkCut
21951649.0,LinkCut
21951666.0,LinkCut
21951672.0,LinkCut
21951678.0,LinkCut
21951684.0,LinkCut
21951685.0,LinkCut
21951694.0,LinkCut
21951710.0,LinkCut
21951743.0,LinkCut
21951763.0,LinkCut
21951776.0,LinkCut
21951777.0,LinkCut
21951788.0,LinkCut
21951801.0,LinkCut
21951822.0,LinkCut
21951828.0,LinkCut
21951846.0,LinkCut
21951855.0,LinkCut
21951869.0,LinkCut
21951873.0,LinkCut
21951883.0,LinkCut
21951896.0,LinkCut
21951901.0,LinkCut
21951902.0,LinkCut
21951909.0,LinkCut
21951921.0,LinkCut
21951930.0,LinkCut
21951936.0,LinkCut
21951955.0,LinkCut
21951962.0,LinkCut
21951965.0,LinkCut
21952020.0,LinkCut
21952023.0,LinkCut
21952024.0,LinkCut
21952026.0,LinkCut
21952051.0,LinkCut
21952052.0,LinkCut
21952056.0,LinkCut
21952082.0,LinkCut
21952139.0,LinkCut
21952166.0,LinkCut
21952172.0,LinkCut
21952182.0,LinkCut
21952189.0,LinkCut
21952273.0,LinkCut
21952306.0,LinkCut
21952332.0,LinkCut
21952362.0,LinkCut
21952420.0,LinkCut
21952464.0,LinkCut
21952521.0,LinkCut
21952538.0,LinkCut
21952676.0,LinkCut
21952679.0,LinkCut
21952701.0,LinkCut
21952723.0,LinkCut
21952802.0,LinkCut
21952807.0,LinkCut
21952881.0,LinkCut
21952887.0,LinkCut
21952906.0,LinkCut
21952908.0,LinkCut
21952974.0,LinkCut
21953035.0,LinkCut
21953038.0,LinkCut
21953168.0,LinkCut
21953406.0,LinkCut
21953413.0,LinkCut
21953633.0,LinkCut
21953795.0,LinkCut
21953832.0,LinkCut
21953990.0,LinkCut
21954077.0,LinkCut
21954196.0,LinkCut
21954241.0,LinkCut
21954395.0,LinkCut
21954439.0,LinkCut
21954571.0,LinkCut
21954702.0,LinkCut
21954773.0,LinkCut
21954872.0,LinkCut
21955261.0,LinkCut
21955551.0,LinkCut
21955747.0,LinkCut
21956151.0,LinkCut
21956286.0,LinkCut
21956290.0,LinkCut
21956315.0,LinkCut
21956316.0,LinkCut
21956429.0,LinkCut
21956592.0,LinkCut
21956645.0,LinkCut
21956794.0,LinkCut
21956925.0,LinkCut
21957050.0,LinkCut
21957117.0,LinkCut
21957135.0,LinkCut
21957160.0,LinkCut
21957175.0,LinkCut
21957346.0,LinkCut
21957541.0,LinkCut
21957548.0,LinkCut
21957633.0,LinkCut
21957690.0,LinkCut
21957747.0,LinkCut
21957778.0,LinkCut
21957908.0,LinkCut
21958032.0,LinkCut
21958056.0,LinkCut
21958067.0,LinkCut
21958154.0,LinkCut
21958252.0,LinkCut
21958277.0,LinkCut
21958369.0,LinkCut
21958486.0,LinkCut
21958536.0,LinkCut
21958562.0,LinkCut
21958571.0,LinkCut
21958663.0,LinkCut
21958676.0,LinkCut
21958726.0,LinkCut
21958809.0,LinkCut
21958833.0,LinkCut
21958837.0,LinkCut
21958844.0,LinkCut
21958861.0,LinkCut
21958879.0,LinkCut
21958956.0,LinkCut
21958995.0,LinkCut
21959004.0,LinkCut
21959024.0,LinkCut
21959031.0,LinkCut
21959061.0,LinkCut
21959114.0,LinkCut
21959220.0,LinkCut
21959249.0,LinkCut
21959256.0,LinkCut
21959311.0,LinkCut
21959431.0,LinkCut
21959554.0,LinkCut
21959583.0,LinkCut
21959649.0,LinkCut
21959710.0,LinkCut
21959810.0,LinkCut
21959839.0,LinkCut
21959858.0,LinkCut
21959860.0,LinkCut
21959863.0,LinkCut
21959865.0,LinkCut
21959866.0,LinkCut
21959873.0,LinkCut
21959875.0,LinkCut
21959876.0,LinkCut
21959877.0,LinkCut
21959879.0,LinkCut
21959880.0,LinkCut
21959901.0,LinkCut
21960030.0,LinkCut
21960092.0,LinkCut
21960123.0,LinkCut
21960168.0,LinkCut
21960195.0,LinkCut
21960300.0,LinkCut
21960362.0,LinkCut
21960475.0,LinkCut
21960524.0,LinkCut
21960535.0,LinkCut
21960572.0,LinkCut
21960574.0,LinkCut
21960579.0,LinkCut
21960659.0,LinkCut
21960692.0,LinkCut
21960781.0,LinkCut
21960987.0,LinkCut
21961053.0,LinkCut
21961213.0,LinkCut
21961361.0,LinkCut
21961414.0,LinkCut
21961455.0,LinkCut
21961523.0,LinkCut
21961672.0,LinkCut
21961701.0,LinkCut
21961748.0,LinkCut
21961888.0,LinkCut
21961902.0,LinkCut
21961903.0,LinkCut
21962019.0,LinkCut
21962116.0,LinkCut
21962261.0,LinkCut
21962353.0,LinkCut
21962516.0,LinkCut
21962567.0,LinkCut
21962568.0,LinkCut
21962587.0,LinkCut
21962644.0,LinkCut
21962738.0,LinkCut
21962742.0,LinkCut
21962758.0,LinkCut
21962844.0,LinkCut
21962880.0,LinkCut
21962948.0,LinkCut
21963009.0,LinkCut
21963123.0,LinkCut
21963174.0,LinkCut
21963269.0,LinkCut
21963380.0,LinkCut
21963384.0,LinkCut
21963400.0,LinkCut
21963437.0,LinkCut
21963547.0,LinkCut
21963549.0,LinkCut
21963562.0,LinkCut
21963621.0,LinkCut
21963741.0,LinkCut
21963918.0,LinkCut
21963971.0,LinkCut
21964233.0,LinkCut
21964414.0,LinkCut
21964617.0,LinkCut
21964717.0,LinkCut
21964837.0,LinkCut
21964979.0,LinkCut
21965051.0,LinkCut
21965161.0,LinkCut
21965288.0,LinkCut
21965362.0,LinkCut
21965512.0,LinkCut
21965514.0,LinkCut
21965545.0,LinkCut
21965564.0,LinkCut
21965653.0,LinkCut
21965656.0,LinkCut
21965806.0,LinkCut
21965978.0,LinkCut
21966016.0,LinkCut
21966120.0,LinkCut
21966126.0,LinkCut
21966127.0,LinkCut
21966133.0,LinkCut
21966449.0,LinkCut
21966517.0,LinkCut
21966539.0,LinkCut
21966622.0,LinkCut
21966676.0,LinkCut
21966694.0,LinkCut
21966744.0,LinkCut
21966774.0,LinkCut
21966777.0,LinkCut
21966778.0,LinkCut
21966780.0,LinkCut
21966781.0,LinkCut
21966782.0,LinkCut
21966942.0,LinkCut
21966976.0,LinkCut
21967006.0,LinkCut
21967027.0,LinkCut
21967030.0,LinkCut
21967146.0,LinkCut
21967194.0,LinkCut
21967196.0,LinkCut
21967238.0,LinkCut
21967374.0,LinkCut
21967472.0,LinkCut
21967555.0,LinkCut
21967622.0,LinkCut
21967643.0,LinkCut
21967759.0,LinkCut
21967772.0,LinkCut
21967779.0,LinkCut
21967814.0,LinkCut
21967833.0,LinkCut
21968030.0,LinkCut
21968068.0,LinkCut
21968069.0,LinkCut
21968133.0,LinkCut
21968146.0,LinkCut
21968153.0,LinkCut
21968162.0,LinkCut
21968173.0,LinkCut
21968240.0,LinkCut
21968248.0,LinkCut
21968370.0,LinkCut
21968480.0,LinkCut
21968525.0,LinkCut
21968606.0,LinkCut
21968611.0,LinkCut
21968635.0,LinkCut
21968655.0,LinkCut
21968659.0,LinkCut
21968680.0,LinkCut
21968740.0,LinkCut
21968746.0,LinkCut
21968872.0,LinkCut
21968883.0,LinkCut
21968888.0,LinkCut
21968900.0,LinkCut
21968968.0,LinkCut
21969014.0,LinkCut
21969125.0,LinkCut
21969141.0,LinkCut
21969178.0,LinkCut
21969191.0,LinkCut
21969218.0,LinkCut
21969287.0,LinkCut
21969306.0,LinkCut
21969405.0,LinkCut
21969471.0,LinkCut
21969472.0,LinkCut
21969501.0,LinkCut
21969511.0,LinkCut
21969529.0,LinkCut
21969530.0,LinkCut
21969551.0,LinkCut
21969658.0,LinkCut
21969683.0,LinkCut
21969702.0,LinkCut
21969705.0,LinkCut
21969777.0,LinkCut
21969785.0,LinkCut
21969806.0,LinkCut
21969862.0,LinkCut
21969929.0,LinkCut
21969995.0,LinkCut
21970067.0,LinkCut
21970108.0,LinkCut
21970134.0,LinkCut
21970267.0,LinkCut
21970342.0,LinkCut
21970360.0,LinkCut
21970367.0,LinkCut
21970385.0,LinkCut
21970397.0,LinkCut
21970405.0,LinkCut
21970440.0,LinkCut
21970456.0,LinkCut
21970469.0,LinkCut
21970489.0,LinkCut
21970497.0,LinkCut
21970540.0,LinkCut
21970576.0,LinkCut
21970654.0,LinkCut
21970665.0,LinkCut
21970703.0,LinkCut
21970709.0,LinkCut
21970710.0,LinkCut
21970714.0,LinkCut
21970800.0,LinkCut
21970828.0,LinkCut
21970861.0,LinkCut
21970886.0,LinkCut
21970899.0,LinkCut
21970905.0,LinkCut
21970928.0,LinkCut
21970945.0,LinkCut
21970974.0,LinkCut
21971070.0,LinkCut
21971088.0,LinkCut
21971092.0,LinkCut
21971095.0,LinkCut
21971131.0,LinkCut
21971137.0,LinkCut
21971154.0,LinkCut
21971172.0,LinkCut
21971280.0,LinkCut
21971339.0,LinkCut
21971351.0,LinkCut
21971385.0,LinkCut
21971412.0,LinkCut
21971446.0,LinkCut
21971474.0,LinkCut
21971530.0,LinkCut
21971546.0,LinkCut
21971564.0,LinkCut
21971567.0,LinkCut
21971674.0,LinkCut
21971714.0,LinkCut
21971755.0,LinkCut
21971798.0,LinkCut
21971850.0,LinkCut
21971852.0,LinkCut
21971867.0,LinkCut
21971888.0,LinkCut
21971940.0,LinkCut
21971948.0,LinkCut
21971956.0,LinkCut
21971961.0,LinkCut
21971978.0,LinkCut
21972033.0,LinkCut
21972053.0,LinkCut
21972056.0,LinkCut
21972061.0,LinkCut
21972227.0,LinkCut
21972251.0,LinkCut
21972326.0,LinkCut
21972466.0,LinkCut
21972469.0,LinkCut
21972580.0,LinkCut
21972603.0,LinkCut
21972666.0,LinkCut
21972733.0,LinkCut
21972806.0,LinkCut
21972808.0,LinkCut
21972917.0,LinkCut
21972935.0,LinkCut
21973039.0,LinkCut
21973070.0,LinkCut
21973098.0,LinkCut
21973156.0,LinkCut
21973246.0,LinkCut
21973266.0,LinkCut
21973283.0,LinkCut
21973285.0,LinkCut
21973360.0,LinkCut
21973433.0,LinkCut
21973525.0,LinkCut
21973664.0,LinkCut
21973679.0,LinkCut
21973708.0,LinkCut
21973812.0,LinkCut
21973864.0,LinkCut
21973887.0,LinkCut
21973949.0,LinkCut
21973985.0,LinkCut
21974001.0,LinkCut
21974002.0,LinkCut
21974079.0,LinkCut
21974080.0,LinkCut
21974148.0,LinkCut
21974149.0,LinkCut
21974153.0,LinkCut
21974158.0,LinkCut
21974175.0,LinkCut
21974178.0,LinkCut
21974210.0,LinkCut
21974212.0,LinkCut
21974249.0,LinkCut
21974272.0,LinkCut
21974278.0,LinkCut
21974302.0,LinkCut
21974315.0,LinkCut
21974316.0,LinkCut
21974332.0,LinkCut
21974346.0,LinkCut
21974356.0,LinkCut
21974358.0,LinkCut
21974378.0,LinkCut
21974465.0,LinkCut
21974478.0,LinkCut
21974487.0,LinkCut
21974491.0,LinkCut
21974502.0,LinkCut
21974517.0,LinkCut
21974583.0,LinkCut
21974636.0,LinkCut
21974637.0,LinkCut
21974655.0,LinkCut
21974683.0,LinkCut
21974688.0,LinkCut
21974861.0,LinkCut
21974919.0,LinkCut
21974938.0,LinkCut
21974986.0,LinkCut
21975019.0,LinkCut
21975020.0,LinkCut
21975027.0,LinkCut
21975029.0,LinkCut
21975043.0,LinkCut
21975065.0,LinkCut
21975074.0,LinkCut
21975103.0,LinkCut
21975204.0,LinkCut
21975294.0,LinkCut
21975302.0,LinkCut
21975352.0,LinkCut
21975366.0,LinkCut
21975386.0,LinkCut
21975391.0,LinkCut
21975416.0,LinkCut
21975433.0,LinkCut
21975505.0,LinkCut
21975528.0,LinkCut
21975579.0,LinkCut
21975583.0,LinkCut
21975653.0,LinkCut
21975665.0,LinkCut
21975671.0,LinkCut
21975722.0,LinkCut
21975726.0,LinkCut
21975727.0,LinkCut
21975832.0,LinkCut
21975876.0,LinkCut
21975895.0,LinkCut
21975896.0,LinkCut
21975940.0,LinkCut
21976011.0,LinkCut
21976148.0,LinkCut
21976149.0,LinkCut
21976231.0,LinkCut
21976273.0,LinkCut
21976287.0,LinkCut
21976296.0,LinkCut
21976314.0,LinkCut
21976356.0,LinkCut
21976371.0,LinkCut
21976399.0,LinkCut
21976482.0,LinkCut
21976494.0,LinkCut
21976537.0,LinkCut
21976538.0,LinkCut
21976541.0,LinkCut
21976642.0,LinkCut
21976726.0,LinkCut
21976764.0,LinkCut
21976848.0,LinkCut
21976879.0,LinkCut
21976886.0,LinkCut
21976962.0,LinkCut
21977020.0,LinkCut
21977080.0,LinkCut
21977111.0,LinkCut
21977120.0,LinkCut
21977159.0,LinkCut
21977251.0,LinkCut
21977292.0,LinkCut
21977362.0,LinkCut
21977447.0,LinkCut
21977462.0,LinkCut
21977507.0,LinkCut
21977532.0,LinkCut
21977558.0,LinkCut
21977560.0,LinkCut
21977564.0,LinkCut
21977566.0,LinkCut
21977576.0,LinkCut
21977607.0,LinkCut
21977710.0,LinkCut
21977734.0,LinkCut
21977736.0,LinkCut
21977797.0,LinkCut
21977818.0,LinkCut
21977828.0,LinkCut
21977946.0,LinkCut
21977988.0,LinkCut
21978025.0,LinkCut
21978072.0,LinkCut
21978144.0,LinkCut
21978296.0,LinkCut
21978456.0,LinkCut
21978564.0,LinkCut
21978583.0,LinkCut
21978591.0,LinkCut
21978615.0,LinkCut
21978616.0,LinkCut
21978621.0,LinkCut
21978622.0,LinkCut
21978635.0,LinkCut
21978640.0,LinkCut
21978644.0,LinkCut
21978646.0,LinkCut
21978647.0,LinkCut
21978653.0,LinkCut
21978661.0,LinkCut
21978663.0,LinkCut
21978666.0,LinkCut
21978667.0,LinkCut
21978670.0,LinkCut
21978673.0,LinkCut
21978674.0,LinkCut
21978676.0,LinkCut
21978682.0,LinkCut
21978684.0,LinkCut
21978688.0,LinkCut
21978691.0,LinkCut
21978700.0,LinkCut
21978705.0,LinkCut
21978707.0,LinkCut
21978709.0,LinkCut
21978710.0,LinkCut
21978713.0,LinkCut
21978714.0,LinkCut
21978715.0,LinkCut
21978716.0,LinkCut
21978717.0,LinkCut
21978719.0,LinkCut
21978721.0,LinkCut
21978723.0,LinkCut
21978727.0,LinkCut
21978768.0,LinkCut
21978772.0,LinkCut
21978774.0,LinkCut
21978779.0,LinkCut
21978782.0,LinkCut
21978788.0,LinkCut
21978789.0,LinkCut
21978791.0,LinkCut
21978796.0,LinkCut
21978798.0,LinkCut
21978800.0,LinkCut
21978806.0,LinkCut
21978815.0,LinkCut
21978835.0,LinkCut
21978840.0,LinkCut
21978842.0,LinkCut
21978847.0,LinkCut
21978848.0,LinkCut
21978850.0,LinkCut
21978851.0,LinkCut
21978852.0,LinkCut
21978856.0,LinkCut
21978858.0,LinkCut
21978861.0,LinkCut
21978862.0,LinkCut
21978866.0,LinkCut
21978877.0,LinkCut
21978878.0,LinkCut
21978889.0,LinkCut
21978898.0,LinkCut
21978899.0,LinkCut
21978903.0,LinkCut
21978907.0,LinkCut
21978914.0,LinkCut
21978918.0,LinkCut
21978919.0,LinkCut
21978928.0,LinkCut
21978930.0,LinkCut
21978935.0,LinkCut
21978936.0,LinkCut
21978947.0,LinkCut
21978950.0,LinkCut
21978952.0,LinkCut
21978954.0,LinkCut
21978966.0,LinkCut
21978968.0,LinkCut
21978971.0,LinkCut
21978985.0,LinkCut
21978988.0,LinkCut
21978995.0,LinkCut
21978997.0,LinkCut
21978998.0,LinkCut
21979006.0,LinkCut
21979008.0,LinkCut
21979011.0,LinkCut
21979015.0,LinkCut
21979024.0,LinkCut
21979030.0,LinkCut
21979032.0,LinkCut
21979042.0,LinkCut
21979045.0,LinkCut
21979056.0,LinkCut
21979067.0,LinkCut
21979081.0,LinkCut
21979089.0,LinkCut
21979091.0,LinkCut
21979100.0,LinkCut
21979112.0,LinkCut
21979115.0,LinkCut
21979134.0,LinkCut
21979135.0,LinkCut
21979142.0,LinkCut
21979144.0,LinkCut
21979145.0,LinkCut
21979170.0,LinkCut
21979200.0,LinkCut
21979203.0,LinkCut
21979226.0,LinkCut
21979230.0,LinkCut
21979254.0,LinkCut
21979285.0,LinkCut
21979300.0,LinkCut
21979324.0,LinkCut
21979333.0,LinkCut
21979366.0,LinkCut
21979371.0,LinkCut
21979397.0,LinkCut
21979405.0,LinkCut
21979407.0,LinkCut
21979421.0,LinkCut
21979448.0,LinkCut
21979455.0,LinkCut
21979456.0,LinkCut
21979476.0,LinkCut
21979570.0,LinkCut
21979685.0,LinkCut
21979704.0,LinkCut
21979718.0,LinkCut
21979721.0,LinkCut
21979759.0,LinkCut
21979853.0,LinkCut
21979859.0,LinkCut
21979861.0,LinkCut
21979900.0,LinkCut
21979903.0,LinkCut
21979941.0,LinkCut
21979953.0,LinkCut
21979970.0,LinkCut
21979987.0,LinkCut
21980004.0,LinkCut
21980042.0,LinkCut
21980106.0,LinkCut
21980113.0,LinkCut
21980128.0,LinkCut
21980149.0,LinkCut
21980192.0,LinkCut
21980230.0,LinkCut
21980272.0,LinkCut
21980400.0,LinkCut
21980576.0,LinkCut
21980629.0,LinkCut
21980675.0,LinkCut
21980786.0,LinkCut
21980852.0,LinkCut
21980960.0,LinkCut
21981029.0,LinkCut
21981205.0,LinkCut
21981247.0,LinkCut
21981410.0,LinkCut
21981449.0,LinkCut
21981462.0,LinkCut
21981528.0,LinkCut
21981606.0,LinkCut
21981688.0,LinkCut
21981795.0,LinkCut
21981805.0,LinkCut
21981957.0,LinkCut
21982064.0,LinkCut
21982303.0,LinkCut
21982437.0,LinkCut
21982597.0,LinkCut
21982926.0,LinkCut
21983044.0,LinkCut
21983171.0,LinkCut
21983193.0,LinkCut
21983370.0,LinkCut
21983772.0,LinkCut
21983816.0,LinkCut
21984326.0,LinkCut
21984434.0,LinkCut
21984599.0,LinkCut
21984746.0,LinkCut
21984761.0,LinkCut
21984842.0,LinkCut
21984936.0,LinkCut
21985026.0,LinkCut
21985204.0,LinkCut
21985276.0,LinkCut
21985452.0,LinkCut
21985668.0,LinkCut
21985750.0,LinkCut
21986120.0,LinkCut
21986140.0,LinkCut
21986144.0,LinkCut
21986156.0,LinkCut
21986157.0,LinkCut
21986182.0,LinkCut
21986201.0,LinkCut
21986206.0,LinkCut
21986223.0,LinkCut
21986226.0,LinkCut
21986265.0,LinkCut
21986305.0,LinkCut
21986306.0,LinkCut
21986307.0,LinkCut
21986324.0,LinkCut
21986326.0,LinkCut
21986332.0,LinkCut
21986346.0,LinkCut
21986351.0,LinkCut
21986383.0,LinkCut
21986406.0,LinkCut
21986412.0,LinkCut
21986426.0,LinkCut
21986427.0,LinkCut
21986433.0,LinkCut
21986455.0,LinkCut
21986464.0,LinkCut
21986470.0,LinkCut
21986632.0,LinkCut
21986633.0,LinkCut
21986657.0,LinkCut
21986955.0,LinkCut
21986978.0,LinkCut
21987253.0,LinkCut
21987295.0,LinkCut
21987378.0,LinkCut
21987523.0,LinkCut
21987568.0,LinkCut
21987570.0,LinkCut
21987719.0,LinkCut
21987834.0,LinkCut
21987913.0,LinkCut
21988036.0,LinkCut
21988069.0,LinkCut
21988168.0,LinkCut
21988282.0,LinkCut
21988331.0,LinkCut
21988335.0,LinkCut
21988385.0,LinkCut
21988468.0,LinkCut
21988472.0,LinkCut
21988489.0,LinkCut
21988505.0,LinkCut
21988509.0,LinkCut
21988618.0,LinkCut
21988676.0,LinkCut
21988747.0,LinkCut
21988888.0,LinkCut
21988996.0,LinkCut
21989014.0,LinkCut
21989045.0,LinkCut
21989076.0,LinkCut
21989101.0,LinkCut
21989135.0,LinkCut
21989140.0,LinkCut
21989161.0,LinkCut
21989215.0,LinkCut
21989247.0,LinkCut
21989277.0,LinkCut
21989424.0,LinkCut
21989425.0,LinkCut
21989428.0,LinkCut
21989616.0,LinkCut
21989823.0,LinkCut
21989939.0,LinkCut
21990105.0,LinkCut
21990189.0,LinkCut
21990349.0,LinkCut
21990490.0,LinkCut
21990562.0,LinkCut
21990630.0,LinkCut
21990721.0,LinkCut
21990755.0,LinkCut
21990782.0,LinkCut
21990805.0,LinkCut
21990887.0,LinkCut
21990967.0,LinkCut
21990977.0,LinkCut
21991043.0,LinkCut
21991156.0,LinkCut
21991176.0,LinkCut
21991181.0,LinkCut
21991232.0,LinkCut
21991243.0,LinkCut
21991329.0,LinkCut
21991347.0,LinkCut
21991437.0,LinkCut
21991773.0,LinkCut
21991927.0,LinkCut
21992012.0,LinkCut
21992113.0,LinkCut
21992126.0,LinkCut
21992200.0,LinkCut
21992310.0,LinkCut
21992351.0,LinkCut
21992404.0,LinkCut
21992515.0,LinkCut
21992592.0,LinkCut
21992695.0,LinkCut
21992730.0,LinkCut
21992800.0,LinkCut
21992815.0,LinkCut
21992904.0,LinkCut
21992974.0,LinkCut
21993037.0,LinkCut
21993052.0,LinkCut
21993063.0,LinkCut
21993233.0,LinkCut
21993340.0,LinkCut
21993369.0,LinkCut
21993596.0,LinkCut
21993849.0,LinkCut
21993884.0,LinkCut
21993956.0,LinkCut
21993983.0,LinkCut
21994095.0,LinkCut
21994220.0,LinkCut
21994284.0,LinkCut
21994318.0,LinkCut
21994404.0,LinkCut
21994530.0,LinkCut
21994543.0,LinkCut
21994573.0,LinkCut
21994607.0,LinkCut
21994635.0,LinkCut
21994650.0,LinkCut
21994742.0,LinkCut
21994851.0,LinkCut
21994897.0,LinkCut
21994901.0,LinkCut
21994989.0,LinkCut
21995185.0,LinkCut
21995207.0,LinkCut
21995329.0,LinkCut
21995476.0,LinkCut
21995532.0,LinkCut
21995584.0,LinkCut
21995653.0,LinkCut
21995689.0,LinkCut
21995783.0,LinkCut
21995839.0,LinkCut
21995864.0,LinkCut
21995889.0,LinkCut
21995900.0,LinkCut
21995953.0,LinkCut
21995985.0,LinkCut
21996145.0,LinkCut
21996205.0,LinkCut
21996208.0,LinkCut
21996265.0,LinkCut
21996333.0,LinkCut
21996366.0,LinkCut
21996455.0,LinkCut
21996498.0,LinkCut
21996509.0,LinkCut
21996519.0,LinkCut
21996546.0,LinkCut
21996552.0,LinkCut
21996564.0,LinkCut
21996577.0,LinkCut
21996616.0,LinkCut
21996845.0,LinkCut
21996854.0,LinkCut
21996902.0,LinkCut
21996978.0,LinkCut
21997113.0,LinkCut
21997234.0,LinkCut
21997251.0,LinkCut
21997295.0,LinkCut
21997360.0,LinkCut
21997432.0,LinkCut
21997488.0,LinkCut
21997566.0,LinkCut
21997643.0,LinkCut
21997684.0,LinkCut
21997691.0,LinkCut
21997921.0,LinkCut
21997986.0,LinkCut
21997999.0,LinkCut
21998009.0,LinkCut
21998020.0,LinkCut
21998056.0,LinkCut
21998064.0,LinkCut
21998068.0,LinkCut
21998077.0,LinkCut
21998115.0,LinkCut
21998120.0,LinkCut
21998125.0,LinkCut
21998141.0,LinkCut
21998143.0,LinkCut
21998146.0,LinkCut
21998162.0,LinkCut
21998295.0,LinkCut
21998307.0,LinkCut
21998313.0,LinkCut
21998386.0,LinkCut
21998440.0,LinkCut
21998506.0,LinkCut
21998639.0,LinkCut
21998707.0,LinkCut
21998766.0,LinkCut
21998790.0,LinkCut
21998811.0,LinkCut
21998824.0,LinkCut
21998869.0,LinkCut
21998898.0,LinkCut
21998913.0,LinkCut
21998952.0,LinkCut
21998981.0,LinkCut
21999066.0,LinkCut
21999178.0,LinkCut
21999210.0,LinkCut
21999244.0,LinkCut
21999259.0,LinkCut
21999304.0,LinkCut
21999321.0,LinkCut
21999550.0,LinkCut
21999681.0,LinkCut
21999820.0,LinkCut
21999821.0,LinkCut
21999941.0,LinkCut
22000013.0,LinkCut
22000050.0,LinkCut
22000099.0,LinkCut
22000176.0,LinkCut
22000231.0,LinkCut
22000248.0,LinkCut
22000268.0,LinkCut
22000296.0,LinkCut
22000315.0,LinkCut
22000362.0,LinkCut
22000540.0,LinkCut
22000545.0,LinkCut
22000549.0,LinkCut
22000569.0,LinkCut
22000666.0,LinkCut
22000736.0,LinkCut
22000775.0,LinkCut
22000795.0,LinkCut
22000820.0,LinkCut
22000873.0,LinkCut
22000876.0,LinkCut
22000952.0,LinkCut
22000972.0,LinkCut
22000994.0,LinkCut
22001028.0,LinkCut
22001032.0,LinkCut
22001116.0,LinkCut
22001203.0,LinkCut
22001268.0,LinkCut
22001319.0,LinkCut
22001335.0,LinkCut
22001336.0,LinkCut
22001411.0,LinkCut
22001449.0,LinkCut
22001490.0,LinkCut
22001517.0,LinkCut
22001559.0,LinkCut
22001588.0,LinkCut
22001687.0,LinkCut
22001726.0,LinkCut
22001746.0,LinkCut
22001766.0,LinkCut
22001803.0,LinkCut
22001808.0,LinkCut
22001884.0,LinkCut
22001906.0,LinkCut
22001998.0,LinkCut
22002022.0,LinkCut
22002073.0,LinkCut
22002180.0,LinkCut
22002211.0,LinkCut
22002247.0,LinkCut
22002392.0,LinkCut
22002435.0,LinkCut
22002599.0,LinkCut
22002658.0,LinkCut
22002741.0,LinkCut
22002861.0,LinkCut
22002878.0,LinkCut
22002920.0,LinkCut
22002924.0,LinkCut
22002989.0,LinkCut
22003064.0,LinkCut
22003106.0,LinkCut
22003132.0,LinkCut
22003141.0,LinkCut
22003278.0,LinkCut
22003352.0,LinkCut
22003380.0,LinkCut
22003468.0,LinkCut
22003541.0,LinkCut
22003810.0,LinkCut
22003918.0,LinkCut
22004027.0,LinkCut
22004037.0,LinkCut
22004105.0,LinkCut
22004218.0,LinkCut
22004227.0,LinkCut
22004380.0,LinkCut
22004444.0,LinkCut
22004514.0,LinkCut
22004577.0,LinkCut
22004622.0,LinkCut
22004646.0,LinkCut
22004791.0,LinkCut
22004800.0,LinkCut
22004809.0,LinkCut
22004819.0,LinkCut
22004841.0,LinkCut
22005076.0,LinkCut
22005162.0,LinkCut
22005307.0,LinkCut
22005393.0,LinkCut
22005501.0,LinkCut
22005624.0,LinkCut
22005688.0,LinkCut
22005750.0,LinkCut
22005834.0,LinkCut
22006115.0,LinkCut
22006194.0,LinkCut
22006225.0,LinkCut
22006263.0,LinkCut
22006270.0,LinkCut
22006425.0,LinkCut
22006436.0,LinkCut
22006586.0,LinkCut
22006590.0,LinkCut
22006741.0,LinkCut
22006840.0,LinkCut
22006877.0,LinkCut
22006929.0,LinkCut
22007076.0,LinkCut
22007113.0,LinkCut
22007164.0,LinkCut
22007263.0,LinkCut
22007318.0,LinkCut
22007355.0,LinkCut
22007411.0,LinkCut
22007424.0,LinkCut
22007538.0,LinkCut
22007578.0,LinkCut
22007617.0,LinkCut
22007625.0,LinkCut
22007656.0,LinkCut
22007701.0,LinkCut
22007714.0,LinkCut
22007725.0,LinkCut
22007727.0,LinkCut
22007728.0,LinkCut
22007739.0,LinkCut
22007802.0,LinkCut
22007804.0,LinkCut
22007879.0,LinkCut
22007898.0,LinkCut
22007900.0,LinkCut
22007901.0,LinkCut
22007938.0,LinkCut
22007941.0,LinkCut
22007975.0,LinkCut
22007990.0,LinkCut
22007996.0,LinkCut
22007997.0,LinkCut
22008029.0,LinkCut
22008051.0,LinkCut
22008071.0,LinkCut
22008097.0,LinkCut
22008115.0,LinkCut
22008116.0,LinkCut
22008126.0,LinkCut
22008136.0,LinkCut
22008159.0,LinkCut
22008160.0,LinkCut
22008161.0,LinkCut
22008163.0,LinkCut
22008167.0,LinkCut
22008168.0,LinkCut
22008174.0,LinkCut
22008175.0,LinkCut
22008177.0,LinkCut
22008180.0,LinkCut
22008184.0,LinkCut
22008186.0,LinkCut
22008191.0,LinkCut
22008192.0,LinkCut
22008198.0,LinkCut
22008203.0,LinkCut
22008206.0,LinkCut
22008211.0,LinkCut
22008214.0,LinkCut
22008217.0,LinkCut
22008219.0,LinkCut
22008222.0,LinkCut
22008229.0,LinkCut
22008230.0,LinkCut
22008231.0,LinkCut
22008232.0,LinkCut
22008234.0,LinkCut
22008241.0,LinkCut
22008246.0,LinkCut
22008248.0,LinkCut
22008249.0,LinkCut
22008250.0,LinkCut
22008256.0,LinkCut
22008258.0,LinkCut
22008259.0,LinkCut
22008263.0,LinkCut
22008277.0,LinkCut
22008278.0,LinkCut
22008280.0,LinkCut
22008281.0,LinkCut
22008284.0,LinkCut
22008285.0,LinkCut
22008286.0,LinkCut
22008287.0,LinkCut
22008288.0,LinkCut
22008290.0,LinkCut
22008298.0,LinkCut
22008299.0,LinkCut
22008300.0,LinkCut
22008302.0,LinkCut
22008303.0,LinkCut
22008304.0,LinkCut
22008305.0,LinkCut
22008309.0,LinkCut
22008310.0,LinkCut
22008312.0,LinkCut
22008318.0,LinkCut
22008326.0,LinkCut
22008331.0,LinkCut
22008334.0,LinkCut
22008335.0,LinkCut
22008336.0,LinkCut
22008339.0,LinkCut
22008340.0,LinkCut
22008343.0,LinkCut
22008344.0,LinkCut
22008345.0,LinkCut
22008351.0,LinkCut
22008353.0,LinkCut
22008358.0,LinkCut
22008360.0,LinkCut
22008361.0,LinkCut
22008363.0,LinkCut
22008366.0,LinkCut
22008370.0,LinkCut
22008379.0,LinkCut
22008384.0,LinkCut
22008390.0,LinkCut
22008391.0,LinkCut
22008393.0,LinkCut
22008394.0,LinkCut
22008398.0,LinkCut
22008403.0,LinkCut
22008407.0,LinkCut
22008408.0,LinkCut
22008412.0,LinkCut
22008416.0,LinkCut
22008418.0,LinkCut
22008419.0,LinkCut
22008420.0,LinkCut
22008423.0,LinkCut
22008433.0,LinkCut
22008434.0,LinkCut
22008435.0,LinkCut
22008446.0,LinkCut
22008448.0,LinkCut
22008452.0,LinkCut
22008467.0,LinkCut
22008468.0,LinkCut
22008482.0,LinkCut
22008486.0,LinkCut
22008496.0,LinkCut
22008497.0,LinkCut
22008512.0,LinkCut
22008513.0,LinkCut
22008516.0,LinkCut
22008521.0,LinkCut
22008527.0,LinkCut
22008534.0,LinkCut
22008535.0,LinkCut
22008540.0,LinkCut
22008542.0,LinkCut
22008547.0,LinkCut
22008548.0,LinkCut
22008552.0,LinkCut
22008557.0,LinkCut
22008579.0,LinkCut
22008585.0,LinkCut
22008588.0,LinkCut
22008595.0,LinkCut
22008597.0,LinkCut
22008599.0,LinkCut
22008614.0,LinkCut
22008618.0,LinkCut
22008619.0,LinkCut
22008625.0,LinkCut
22008626.0,LinkCut
22008629.0,LinkCut
22008630.0,LinkCut
22008639.0,LinkCut
22008656.0,LinkCut
22008667.0,LinkCut
22008670.0,LinkCut
22008684.0,LinkCut
22008689.0,LinkCut
22008693.0,LinkCut
22008706.0,LinkCut
22008712.0,LinkCut
22008718.0,LinkCut
22008726.0,LinkCut
22008727.0,LinkCut
22008729.0,LinkCut
22008730.0,LinkCut
22008736.0,LinkCut
22008742.0,LinkCut
22008746.0,LinkCut
22008753.0,LinkCut
22008762.0,LinkCut
22008764.0,LinkCut
22008776.0,LinkCut
22008777.0,LinkCut
22008779.0,LinkCut
22008785.0,LinkCut
22008792.0,LinkCut
22008794.0,LinkCut
22008809.0,LinkCut
22008812.0,LinkCut
22008818.0,LinkCut
22008828.0,LinkCut
22008864.0,LinkCut
22008868.0,LinkCut
22008872.0,LinkCut
22008876.0,LinkCut
22008877.0,LinkCut
22008878.0,LinkCut
22008888.0,LinkCut
22008899.0,LinkCut
22008905.0,LinkCut
22008913.0,LinkCut
22008915.0,LinkCut
22008925.0,LinkCut
22008930.0,LinkCut
22008946.0,LinkCut
22008952.0,LinkCut
22008963.0,LinkCut
22008975.0,LinkCut
22008976.0,LinkCut
22009001.0,LinkCut
22009018.0,LinkCut
22009020.0,LinkCut
22009032.0,LinkCut
22009034.0,LinkCut
22009043.0,LinkCut
22009058.0,LinkCut
22009070.0,LinkCut
22009071.0,LinkCut
22009109.0,LinkCut
22009150.0,LinkCut
22009156.0,LinkCut
22009158.0,LinkCut
22009159.0,LinkCut
22009164.0,LinkCut
22009174.0,LinkCut
22009175.0,LinkCut
22009189.0,LinkCut
22009191.0,LinkCut
22009199.0,LinkCut
22009234.0,LinkCut
22009240.0,LinkCut
22009248.0,LinkCut
22009261.0,LinkCut
22009270.0,LinkCut
22009273.0,LinkCut
22009291.0,LinkCut
22009315.0,LinkCut
22009319.0,LinkCut
22009362.0,LinkCut
22009403.0,LinkCut
22009413.0,LinkCut
22009457.0,LinkCut
22009504.0,LinkCut
22009570.0,LinkCut
22009574.0,LinkCut
22009592.0,LinkCut
22009602.0,LinkCut
22009614.0,LinkCut
22009648.0,LinkCut
22009656.0,LinkCut
22009663.0,LinkCut
22009673.0,LinkCut
22009691.0,LinkCut
22009718.0,LinkCut
22009748.0,LinkCut
22009808.0,LinkCut
22009871.0,LinkCut
22009878.0,LinkCut
22009895.0,LinkCut
22009944.0,LinkCut
22010013.0,LinkCut
22010070.0,LinkCut
22010084.0,LinkCut
22010086.0,LinkCut
22010095.0,LinkCut
22010097.0,LinkCut
22010132.0,LinkCut
22010157.0,LinkCut
22010175.0,LinkCut
22010204.0,LinkCut
22010248.0,LinkCut
22010395.0,LinkCut
22010409.0,LinkCut
22010441.0,LinkCut
22010517.0,LinkCut
22010565.0,LinkCut
22010603.0,LinkCut
22010615.0,LinkCut
22010619.0,LinkCut
22010629.0,LinkCut
22010668.0,LinkCut
22010682.0,LinkCut
22010686.0,LinkCut
22010711.0,LinkCut
22010729.0,LinkCut
22010849.0,LinkCut
22010859.0,LinkCut
22010884.0,LinkCut
22011014.0,LinkCut
22011145.0,LinkCut
22011207.0,LinkCut
22011227.0,LinkCut
22011387.0,LinkCut
22011632.0,LinkCut
22011659.0,LinkCut
22011772.0,LinkCut
22011775.0,LinkCut
22011792.0,LinkCut
22011801.0,LinkCut
22011871.0,LinkCut
22011897.0,LinkCut
22011979.0,LinkCut
22012001.0,LinkCut
22012009.0,LinkCut
22012022.0,LinkCut
22012126.0,LinkCut
22012308.0,LinkCut
22012311.0,LinkCut
22012336.0,LinkCut
22012413.0,LinkCut
22012467.0,LinkCut
22012547.0,LinkCut
22012553.0,LinkCut
22012705.0,LinkCut
22012791.0,LinkCut
22012852.0,LinkCut
22012947.0,LinkCut
22013080.0,LinkCut
22013199.0,LinkCut
22013451.0,LinkCut
22013476.0,LinkCut
22013748.0,LinkCut
22013776.0,LinkCut
22013849.0,LinkCut
22013874.0,LinkCut
22013945.0,LinkCut
22014178.0,LinkCut
22014340.0,LinkCut
22014552.0,LinkCut
22014653.0,LinkCut
22014673.0,LinkCut
22014677.0,LinkCut
22014901.0,LinkCut
22014938.0,LinkCut
22015106.0,LinkCut
22015245.0,LinkCut
22015272.0,LinkCut
22015277.0,LinkCut
22015278.0,LinkCut
22015300.0,LinkCut
23818326.0,LinkCut
23819373.0,LinkCut
26067480.0,LinkCut
